,Audio Features Obj,Internal Track ID,danceability,energy,key,loudness,mode,speechiness,acousticness,instrumentalness,liveness,valence,tempo,duration_ms,time_signature
0,"{'danceability': 0.928, 'energy': 0.481, 'key': 9, 'loudness': -9.35, 'mode': 0, 'speechiness': 0.287, 'acousticness': 0.105, 'instrumentalness': 0, 'liveness': 0.176, 'valence': 0.613, 'tempo': 134.007, 'type': 'audio_features', 'id': '343YBumqHu19cGoGARUTsd', 'uri': 'spotify:track:343YBumqHu19cGoGARUTsd', 'track_href': 'https://api.spotify.com/v1/tracks/343YBumqHu19cGoGARUTsd', 'analysis_url': 'https://api.spotify.com/v1/audio-analysis/343YBumqHu19cGoGARUTsd', 'duration_ms': 210937, 'time_signature': 4}",343YBumqHu19cGoGARUTsd,0.928,0.481,9,-9.35,0,0.287,0.105,0.0,0.176,0.613,134.007,210937,4
1,"{'danceability': 0.791, 'energy': 0.619, 'key': 1, 'loudness': -5.886, 'mode': 1, 'speechiness': 0.0532, 'acousticness': 0.00784, 'instrumentalness': 0.00423, 'liveness': 0.351, 'valence': 0.371, 'tempo': 103.989, 'type': 'audio_features', 'id': '1xznGGDReH1oQq0xzbwXa3', 'uri': 'spotify:track:1xznGGDReH1oQq0xzbwXa3', 'track_href': 'https://api.spotify.com/v1/tracks/1xznGGDReH1oQq0xzbwXa3', 'analysis_url': 'https://api.spotify.com/v1/audio-analysis/1xznGGDReH1oQq0xzbwXa3', 'duration_ms': 173987, 'time_signature': 4}",1xznGGDReH1oQq0xzbwXa3,0.791,0.619,1,-5.886,1,0.0532,0.00784,0.00423,0.351,0.371,103.989,173987,4
2,"{'danceability': 0.806, 'energy': 0.558, 'key': 8, 'loudness': -6.538, 'mode': 1, 'speechiness': 0.172, 'acousticness': 0.00496, 'instrumentalness': 1.45e-06, 'liveness': 0.16, 'valence': 0.26, 'tempo': 85.011, 'type': 'audio_features', 'id': '4ckuS4Nj4FZ7i3Def3Br8W', 'uri': 'spotify:track:4ckuS4Nj4FZ7i3Def3Br8W', 'track_href': 'https://api.spotify.com/v1/tracks/4ckuS4Nj4FZ7i3Def3Br8W', 'analysis_url': 'https://api.spotify.com/v1/audio-analysis/4ckuS4Nj4FZ7i3Def3Br8W', 'duration_ms': 251333, 'time_signature': 4}",4ckuS4Nj4FZ7i3Def3Br8W,0.806,0.558,8,-6.538,1,0.172,0.00496,1.45e-06,0.16,0.26,85.011,251333,4
3,"{'danceability': 0.804, 'energy': 0.648, 'key': 7, 'loudness': -7.805, 'mode': 1, 'speechiness': 0.117, 'acousticness': 0.0573, 'instrumentalness': 3.49e-05, 'liveness': 0.102, 'valence': 0.392, 'tempo': 117.983, 'type': 'audio_features', 'id': '11KJSRSgaDxqydKYiD2Jew', 'uri': 'spotify:track:11KJSRSgaDxqydKYiD2Jew', 'track_href': 'https://api.spotify.com/v1/tracks/11KJSRSgaDxqydKYiD2Jew', 'analysis_url': 'https://api.spotify.com/v1/audio-analysis/11KJSRSgaDxqydKYiD2Jew', 'duration_ms': 263373, 'time_signature': 4}",11KJSRSgaDxqydKYiD2Jew,0.804,0.648,7,-7.805,1,0.117,0.0573,3.49e-05,0.102,0.392,117.983,263373,4
4,"{'danceability': 0.607, 'energy': 0.476, 'key': 10, 'loudness': -11.076, 'mode': 0, 'speechiness': 0.249, 'acousticness': 0.0773, 'instrumentalness': 0, 'liveness': 0.113, 'valence': 0.347, 'tempo': 122.976, 'type': 'audio_features', 'id': '6F609ICg9Spjrw1epsAnpa', 'uri': 'spotify:track:6F609ICg9Spjrw1epsAnpa', 'track_href': 'https://api.spotify.com/v1/tracks/6F609ICg9Spjrw1epsAnpa', 'analysis_url': 'https://api.spotify.com/v1/audio-analysis/6F609ICg9Spjrw1epsAnpa', 'duration_ms': 245227, 'time_signature': 5}",6F609ICg9Spjrw1epsAnpa,0.607,0.476,10,-11.076,0,0.249,0.0773,0.0,0.113,0.347,122.976,245227,5
5,"{'danceability': 0.852, 'energy': 0.553, 'key': 1, 'loudness': -7.286, 'mode': 1, 'speechiness': 0.187, 'acousticness': 0.0563, 'instrumentalness': 0, 'liveness': 0.332, 'valence': 0.656, 'tempo': 142.072, 'type': 'audio_features', 'id': '27GmP9AWRs744SzKcpJsTZ', 'uri': 'spotify:track:27GmP9AWRs744SzKcpJsTZ', 'track_href': 'https://api.spotify.com/v1/tracks/27GmP9AWRs744SzKcpJsTZ', 'analysis_url': 'https://api.spotify.com/v1/audio-analysis/27GmP9AWRs744SzKcpJsTZ', 'duration_ms': 205879, 'time_signature': 4}",27GmP9AWRs744SzKcpJsTZ,0.852,0.553,1,-7.286,1,0.187,0.0563,0.0,0.332,0.656,142.072,205879,4
6,"{'danceability': 0.724, 'energy': 0.456, 'key': 7, 'loudness': -10.009, 'mode': 1, 'speechiness': 0.127, 'acousticness': 0.215, 'instrumentalness': 2.41e-06, 'liveness': 0.105, 'valence': 0.0481, 'tempo': 133.051, 'type': 'audio_features', 'id': '1WRy5l3TwrwlzNmB5bOeKw', 'uri': 'spotify:track:1WRy5l3TwrwlzNmB5bOeKw', 'track_href': 'https://api.spotify.com/v1/tracks/1WRy5l3TwrwlzNmB5bOeKw', 'analysis_url': 'https://api.spotify.com/v1/audio-analysis/1WRy5l3TwrwlzNmB5bOeKw', 'duration_ms': 212947, 'time_signature': 4}",1WRy5l3TwrwlzNmB5bOeKw,0.724,0.456,7,-10.009,1,0.127,0.215,2.41e-06,0.105,0.0481,133.051,212947,4
7,"{'danceability': 0.903, 'energy': 0.62, 'key': 2, 'loudness': -8.094, 'mode': 1, 'speechiness': 0.0587, 'acousticness': 0.00347, 'instrumentalness': 0.000119, 'liveness': 0.0504, 'valence': 0.539, 'tempo': 134.96, 'type': 'audio_features', 'id': '2FBUoWkIuQXwayw2RNo5l6', 'uri': 'spotify:track:2FBUoWkIuQXwayw2RNo5l6', 'track_href': 'https://api.spotify.com/v1/tracks/2FBUoWkIuQXwayw2RNo5l6', 'analysis_url': 'https://api.spotify.com/v1/audio-analysis/2FBUoWkIuQXwayw2RNo5l6', 'duration_ms': 267067, 'time_signature': 4}",2FBUoWkIuQXwayw2RNo5l6,0.903,0.62,2,-8.094,1,0.0587,0.00347,0.000119,0.0504,0.539,134.96,267067,4
8,"{'danceability': 0.833, 'energy': 0.431, 'key': 0, 'loudness': -9.604, 'mode': 1, 'speechiness': 0.194, 'acousticness': 0.0267, 'instrumentalness': 0, 'liveness': 0.633, 'valence': 0.224, 'tempo': 133.938, 'type': 'audio_features', 'id': '433P7tDcIAi6NLnf4Sh6tI', 'uri': 'spotify:track:433P7tDcIAi6NLnf4Sh6tI', 'track_href': 'https://api.spotify.com/v1/tracks/433P7tDcIAi6NLnf4Sh6tI', 'analysis_url': 'https://api.spotify.com/v1/audio-analysis/433P7tDcIAi6NLnf4Sh6tI', 'duration_ms': 189853, 'time_signature': 3}",433P7tDcIAi6NLnf4Sh6tI,0.833,0.431,0,-9.604,1,0.194,0.0267,0.0,0.633,0.224,133.938,189853,3
9,"{'danceability': 0.745, 'energy': 0.473, 'key': 10, 'loudness': -11.243, 'mode': 0, 'speechiness': 0.0955, 'acousticness': 0.017, 'instrumentalness': 1.12e-05, 'liveness': 0.197, 'valence': 0.296, 'tempo': 80.006, 'type': 'audio_features', 'id': '3NxAG2ni1lLa8RKL6a0INc', 'uri': 'spotify:track:3NxAG2ni1lLa8RKL6a0INc', 'track_href': 'https://api.spotify.com/v1/tracks/3NxAG2ni1lLa8RKL6a0INc', 'analysis_url': 'https://api.spotify.com/v1/audio-analysis/3NxAG2ni1lLa8RKL6a0INc', 'duration_ms': 241400, 'time_signature': 4}",3NxAG2ni1lLa8RKL6a0INc,0.745,0.473,10,-11.243,0,0.0955,0.017,1.12e-05,0.197,0.296,80.006,241400,4
10,"{'danceability': 0.809, 'energy': 0.463, 'key': 11, 'loudness': -11.377, 'mode': 1, 'speechiness': 0.0396, 'acousticness': 0.256, 'instrumentalness': 0.085, 'liveness': 0.109, 'valence': 0.364, 'tempo': 111.98, 'type': 'audio_features', 'id': '7hDc8b7IXETo14hHIHdnhd', 'uri': 'spotify:track:7hDc8b7IXETo14hHIHdnhd', 'track_href': 'https://api.spotify.com/v1/tracks/7hDc8b7IXETo14hHIHdnhd', 'analysis_url': 'https://api.spotify.com/v1/audio-analysis/7hDc8b7IXETo14hHIHdnhd', 'duration_ms': 298941, 'time_signature': 4}",7hDc8b7IXETo14hHIHdnhd,0.809,0.463,11,-11.377,1,0.0396,0.256,0.085,0.109,0.364,111.98,298941,4
11,"{'danceability': 0.736, 'energy': 0.491, 'key': 10, 'loudness': -6.892, 'mode': 0, 'speechiness': 0.439, 'acousticness': 0.0681, 'instrumentalness': 0, 'liveness': 0.571, 'valence': 0.203, 'tempo': 141.979, 'type': 'audio_features', 'id': '05KOgYg8PGeJyyWBPi5ja8', 'uri': 'spotify:track:05KOgYg8PGeJyyWBPi5ja8', 'track_href': 'https://api.spotify.com/v1/tracks/05KOgYg8PGeJyyWBPi5ja8', 'analysis_url': 'https://api.spotify.com/v1/audio-analysis/05KOgYg8PGeJyyWBPi5ja8', 'duration_ms': 218674, 'time_signature': 4}",05KOgYg8PGeJyyWBPi5ja8,0.736,0.491,10,-6.892,0,0.439,0.0681,0.0,0.571,0.203,141.979,218674,4
12,"{'danceability': 0.925, 'energy': 0.443, 'key': 1, 'loudness': -8.216, 'mode': 1, 'speechiness': 0.264, 'acousticness': 0.0172, 'instrumentalness': 0, 'liveness': 0.276, 'valence': 0.35, 'tempo': 136.078, 'type': 'audio_features', 'id': '2bjwRfXMk4uRgOD9IBYl9h', 'uri': 'spotify:track:2bjwRfXMk4uRgOD9IBYl9h', 'track_href': 'https://api.spotify.com/v1/tracks/2bjwRfXMk4uRgOD9IBYl9h', 'analysis_url': 'https://api.spotify.com/v1/audio-analysis/2bjwRfXMk4uRgOD9IBYl9h', 'duration_ms': 236615, 'time_signature': 4}",2bjwRfXMk4uRgOD9IBYl9h,0.925,0.443,1,-8.216,1,0.264,0.0172,0.0,0.276,0.35,136.078,236615,4
13,"{'danceability': 0.913, 'energy': 0.608, 'key': 10, 'loudness': -6.839, 'mode': 0, 'speechiness': 0.234, 'acousticness': 0.0671, 'instrumentalness': 0, 'liveness': 0.533, 'valence': 0.578, 'tempo': 97.063, 'type': 'audio_features', 'id': '6CfrYuD3YRDYdYvH9jNtXY', 'uri': 'spotify:track:6CfrYuD3YRDYdYvH9jNtXY', 'track_href': 'https://api.spotify.com/v1/tracks/6CfrYuD3YRDYdYvH9jNtXY', 'analysis_url': 'https://api.spotify.com/v1/audio-analysis/6CfrYuD3YRDYdYvH9jNtXY', 'duration_ms': 149569, 'time_signature': 4}",6CfrYuD3YRDYdYvH9jNtXY,0.913,0.608,10,-6.839,0,0.234,0.0671,0.0,0.533,0.578,97.063,149569,4
14,"{'danceability': 0.877, 'energy': 0.391, 'key': 1, 'loudness': -8.196, 'mode': 1, 'speechiness': 0.063, 'acousticness': 0.0317, 'instrumentalness': 0.000502, 'liveness': 0.0945, 'valence': 0.122, 'tempo': 131.018, 'type': 'audio_features', 'id': '6UjfByV1lDLW0SOVQA4NAi', 'uri': 'spotify:track:6UjfByV1lDLW0SOVQA4NAi', 'track_href': 'https://api.spotify.com/v1/tracks/6UjfByV1lDLW0SOVQA4NAi', 'analysis_url': 'https://api.spotify.com/v1/audio-analysis/6UjfByV1lDLW0SOVQA4NAi', 'duration_ms': 189230, 'time_signature': 4}",6UjfByV1lDLW0SOVQA4NAi,0.877,0.391,1,-8.196,1,0.063,0.0317,0.000502,0.0945,0.122,131.018,189230,4
15,"{'danceability': 0.903, 'energy': 0.439, 'key': 8, 'loudness': -11.813, 'mode': 1, 'speechiness': 0.397, 'acousticness': 0.0407, 'instrumentalness': 0, 'liveness': 0.138, 'valence': 0.532, 'tempo': 139.112, 'type': 'audio_features', 'id': '0xl1w2q4VLojeXp4JfazPL', 'uri': 'spotify:track:0xl1w2q4VLojeXp4JfazPL', 'track_href': 'https://api.spotify.com/v1/tracks/0xl1w2q4VLojeXp4JfazPL', 'analysis_url': 'https://api.spotify.com/v1/audio-analysis/0xl1w2q4VLojeXp4JfazPL', 'duration_ms': 307593, 'time_signature': 4}",0xl1w2q4VLojeXp4JfazPL,0.903,0.439,8,-11.813,1,0.397,0.0407,0.0,0.138,0.532,139.112,307593,4
16,"{'danceability': 0.726, 'energy': 0.535, 'key': 7, 'loudness': -7.804, 'mode': 0, 'speechiness': 0.0476, 'acousticness': 0.0533, 'instrumentalness': 1.38e-05, 'liveness': 0.0984, 'valence': 0.375, 'tempo': 98.067, 'type': 'audio_features', 'id': '2XlHu0HcujBCkWMdIAvrqt', 'uri': 'spotify:track:2XlHu0HcujBCkWMdIAvrqt', 'track_href': 'https://api.spotify.com/v1/tracks/2XlHu0HcujBCkWMdIAvrqt', 'analysis_url': 'https://api.spotify.com/v1/audio-analysis/2XlHu0HcujBCkWMdIAvrqt', 'duration_ms': 216558, 'time_signature': 4}",2XlHu0HcujBCkWMdIAvrqt,0.726,0.535,7,-7.804,0,0.0476,0.0533,1.38e-05,0.0984,0.375,98.067,216558,4
17,"{'danceability': 0.781, 'energy': 0.721, 'key': 5, 'loudness': -9.133, 'mode': 0, 'speechiness': 0.0514, 'acousticness': 0.0945, 'instrumentalness': 0.391, 'liveness': 0.104, 'valence': 0.849, 'tempo': 123.011, 'type': 'audio_features', 'id': '7y6c07pgjZvtHI9kuMVqk1', 'uri': 'spotify:track:7y6c07pgjZvtHI9kuMVqk1', 'track_href': 'https://api.spotify.com/v1/tracks/7y6c07pgjZvtHI9kuMVqk1', 'analysis_url': 'https://api.spotify.com/v1/audio-analysis/7y6c07pgjZvtHI9kuMVqk1', 'duration_ms': 250337, 'time_signature': 4}",7y6c07pgjZvtHI9kuMVqk1,0.781,0.721,5,-9.133,0,0.0514,0.0945,0.391,0.104,0.849,123.011,250337,4
18,"{'danceability': 0.735, 'energy': 0.373, 'key': 11, 'loudness': -10.478, 'mode': 1, 'speechiness': 0.104, 'acousticness': 0.762, 'instrumentalness': 0.00202, 'liveness': 0.288, 'valence': 0.237, 'tempo': 123.081, 'type': 'audio_features', 'id': '13e6f8t7RKXuxZ0JdaaJRG', 'uri': 'spotify:track:13e6f8t7RKXuxZ0JdaaJRG', 'track_href': 'https://api.spotify.com/v1/tracks/13e6f8t7RKXuxZ0JdaaJRG', 'analysis_url': 'https://api.spotify.com/v1/audio-analysis/13e6f8t7RKXuxZ0JdaaJRG', 'duration_ms': 107673, 'time_signature': 4}",13e6f8t7RKXuxZ0JdaaJRG,0.735,0.373,11,-10.478,1,0.104,0.762,0.00202,0.288,0.237,123.081,107673,4
19,"{'danceability': 0.61, 'energy': 0.229, 'key': 11, 'loudness': -12.36, 'mode': 0, 'speechiness': 0.0333, 'acousticness': 0.558, 'instrumentalness': 0.0413, 'liveness': 0.113, 'valence': 0.19, 'tempo': 111.887, 'type': 'audio_features', 'id': '2fkeWbM6iqTw7oGHTYm2lw', 'uri': 'spotify:track:2fkeWbM6iqTw7oGHTYm2lw', 'track_href': 'https://api.spotify.com/v1/tracks/2fkeWbM6iqTw7oGHTYm2lw', 'analysis_url': 'https://api.spotify.com/v1/audio-analysis/2fkeWbM6iqTw7oGHTYm2lw', 'duration_ms': 186293, 'time_signature': 4}",2fkeWbM6iqTw7oGHTYm2lw,0.61,0.229,11,-12.36,0,0.0333,0.558,0.0413,0.113,0.19,111.887,186293,4
20,"{'danceability': 0.875, 'energy': 0.6, 'key': 1, 'loudness': -6.818, 'mode': 1, 'speechiness': 0.0435, 'acousticness': 0.0189, 'instrumentalness': 0.0143, 'liveness': 0.132, 'valence': 0.0906, 'tempo': 119.987, 'type': 'audio_features', 'id': '2jTujnt0y344ai1rNOywgr', 'uri': 'spotify:track:2jTujnt0y344ai1rNOywgr', 'track_href': 'https://api.spotify.com/v1/tracks/2jTujnt0y344ai1rNOywgr', 'analysis_url': 'https://api.spotify.com/v1/audio-analysis/2jTujnt0y344ai1rNOywgr', 'duration_ms': 162638, 'time_signature': 4}",2jTujnt0y344ai1rNOywgr,0.875,0.6,1,-6.818,1,0.0435,0.0189,0.0143,0.132,0.0906,119.987,162638,4
21,"{'danceability': 0.839, 'energy': 0.521, 'key': 7, 'loudness': -10.45, 'mode': 1, 'speechiness': 0.166, 'acousticness': 0.245, 'instrumentalness': 0.00545, 'liveness': 0.607, 'valence': 0.33, 'tempo': 105.992, 'type': 'audio_features', 'id': '76gUmNLXGQVOsGhfcshkFP', 'uri': 'spotify:track:76gUmNLXGQVOsGhfcshkFP', 'track_href': 'https://api.spotify.com/v1/tracks/76gUmNLXGQVOsGhfcshkFP', 'analysis_url': 'https://api.spotify.com/v1/audio-analysis/76gUmNLXGQVOsGhfcshkFP', 'duration_ms': 205163, 'time_signature': 4}",76gUmNLXGQVOsGhfcshkFP,0.839,0.521,7,-10.45,1,0.166,0.245,0.00545,0.607,0.33,105.992,205163,4
22,"{'danceability': 0.766, 'energy': 0.283, 'key': 8, 'loudness': -10.33, 'mode': 0, 'speechiness': 0.0846, 'acousticness': 0.111, 'instrumentalness': 0.0172, 'liveness': 0.115, 'valence': 0.144, 'tempo': 97.04, 'type': 'audio_features', 'id': '6n3HGiq4v35D6eFOSwqYuo', 'uri': 'spotify:track:6n3HGiq4v35D6eFOSwqYuo', 'track_href': 'https://api.spotify.com/v1/tracks/6n3HGiq4v35D6eFOSwqYuo', 'analysis_url': 'https://api.spotify.com/v1/audio-analysis/6n3HGiq4v35D6eFOSwqYuo', 'duration_ms': 219692, 'time_signature': 4}",6n3HGiq4v35D6eFOSwqYuo,0.766,0.283,8,-10.33,0,0.0846,0.111,0.0172,0.115,0.144,97.04,219692,4
23,"{'danceability': 0.688, 'energy': 0.384, 'key': 9, 'loudness': -8.824, 'mode': 0, 'speechiness': 0.375, 'acousticness': 0.2, 'instrumentalness': 0, 'liveness': 0.708, 'valence': 0.432, 'tempo': 162.097, 'type': 'audio_features', 'id': '28irpKCCK9nn9DZSik2zEx', 'uri': 'spotify:track:28irpKCCK9nn9DZSik2zEx', 'track_href': 'https://api.spotify.com/v1/tracks/28irpKCCK9nn9DZSik2zEx', 'analysis_url': 'https://api.spotify.com/v1/audio-analysis/28irpKCCK9nn9DZSik2zEx', 'duration_ms': 206120, 'time_signature': 4}",28irpKCCK9nn9DZSik2zEx,0.688,0.384,9,-8.824,0,0.375,0.2,0.0,0.708,0.432,162.097,206120,4
24,"{'danceability': 0.766, 'energy': 0.234, 'key': 11, 'loudness': -7.544, 'mode': 0, 'speechiness': 0.159, 'acousticness': 0.332, 'instrumentalness': 0.00156, 'liveness': 0.358, 'valence': 0.256, 'tempo': 96.882, 'type': 'audio_features', 'id': '6MbH1QiphMCPTqVEVC7UYi', 'uri': 'spotify:track:6MbH1QiphMCPTqVEVC7UYi', 'track_href': 'https://api.spotify.com/v1/tracks/6MbH1QiphMCPTqVEVC7UYi', 'analysis_url': 'https://api.spotify.com/v1/audio-analysis/6MbH1QiphMCPTqVEVC7UYi', 'duration_ms': 153725, 'time_signature': 4}",6MbH1QiphMCPTqVEVC7UYi,0.766,0.234,11,-7.544,0,0.159,0.332,0.00156,0.358,0.256,96.882,153725,4
25,"{'danceability': 0.856, 'energy': 0.572, 'key': 1, 'loudness': -8.429, 'mode': 1, 'speechiness': 0.373, 'acousticness': 0.0136, 'instrumentalness': 1.55e-06, 'liveness': 0.121, 'valence': 0.454, 'tempo': 82.445, 'type': 'audio_features', 'id': '5f5r2N4Lp9WoULWPH9zp2W', 'uri': 'spotify:track:5f5r2N4Lp9WoULWPH9zp2W', 'track_href': 'https://api.spotify.com/v1/tracks/5f5r2N4Lp9WoULWPH9zp2W', 'analysis_url': 'https://api.spotify.com/v1/audio-analysis/5f5r2N4Lp9WoULWPH9zp2W', 'duration_ms': 228438, 'time_signature': 4}",5f5r2N4Lp9WoULWPH9zp2W,0.856,0.572,1,-8.429,1,0.373,0.0136,1.55e-06,0.121,0.454,82.445,228438,4
26,"{'danceability': 0.526, 'energy': 0.583, 'key': 4, 'loudness': -9.172, 'mode': 1, 'speechiness': 0.376, 'acousticness': 0.699, 'instrumentalness': 0, 'liveness': 0.372, 'valence': 0.378, 'tempo': 89.835, 'type': 'audio_features', 'id': '2Na0z2gfN67Rzf0vp74Wi3', 'uri': 'spotify:track:2Na0z2gfN67Rzf0vp74Wi3', 'track_href': 'https://api.spotify.com/v1/tracks/2Na0z2gfN67Rzf0vp74Wi3', 'analysis_url': 'https://api.spotify.com/v1/audio-analysis/2Na0z2gfN67Rzf0vp74Wi3', 'duration_ms': 305374, 'time_signature': 4}",2Na0z2gfN67Rzf0vp74Wi3,0.526,0.583,4,-9.172,1,0.376,0.699,0.0,0.372,0.378,89.835,305374,4
27,"{'danceability': 0.745, 'energy': 0.822, 'key': 7, 'loudness': -6.354, 'mode': 1, 'speechiness': 0.252, 'acousticness': 0.0103, 'instrumentalness': 4.2e-06, 'liveness': 0.155, 'valence': 0.415, 'tempo': 86.733, 'type': 'audio_features', 'id': '2dfqS3MRtbLZSZA1IL8xY5', 'uri': 'spotify:track:2dfqS3MRtbLZSZA1IL8xY5', 'track_href': 'https://api.spotify.com/v1/tracks/2dfqS3MRtbLZSZA1IL8xY5', 'analysis_url': 'https://api.spotify.com/v1/audio-analysis/2dfqS3MRtbLZSZA1IL8xY5', 'duration_ms': 143214, 'time_signature': 5}",2dfqS3MRtbLZSZA1IL8xY5,0.745,0.822,7,-6.354,1,0.252,0.0103,4.2e-06,0.155,0.415,86.733,143214,5
28,"{'danceability': 0.468, 'energy': 0.266, 'key': 0, 'loudness': -11.121, 'mode': 1, 'speechiness': 0.13, 'acousticness': 0.348, 'instrumentalness': 9.55e-06, 'liveness': 0.209, 'valence': 0.222, 'tempo': 153.292, 'type': 'audio_features', 'id': '5JUu0unA8VwhTZ9LkMWUVI', 'uri': 'spotify:track:5JUu0unA8VwhTZ9LkMWUVI', 'track_href': 'https://api.spotify.com/v1/tracks/5JUu0unA8VwhTZ9LkMWUVI', 'analysis_url': 'https://api.spotify.com/v1/audio-analysis/5JUu0unA8VwhTZ9LkMWUVI', 'duration_ms': 368036, 'time_signature': 4}",5JUu0unA8VwhTZ9LkMWUVI,0.468,0.266,0,-11.121,1,0.13,0.348,9.55e-06,0.209,0.222,153.292,368036,4
29,"{'danceability': 0.618, 'energy': 0.693, 'key': 7, 'loudness': -5.943, 'mode': 0, 'speechiness': 0.45, 'acousticness': 0.246, 'instrumentalness': 0, 'liveness': 0.112, 'valence': 0.454, 'tempo': 170.982, 'type': 'audio_features', 'id': '2KvHC9z14GSl4YpkNMX384', 'uri': 'spotify:track:2KvHC9z14GSl4YpkNMX384', 'track_href': 'https://api.spotify.com/v1/tracks/2KvHC9z14GSl4YpkNMX384', 'analysis_url': 'https://api.spotify.com/v1/audio-analysis/2KvHC9z14GSl4YpkNMX384', 'duration_ms': 283551, 'time_signature': 4}",2KvHC9z14GSl4YpkNMX384,0.618,0.693,7,-5.943,0,0.45,0.246,0.0,0.112,0.454,170.982,283551,4
30,"{'danceability': 0.813, 'energy': 0.551, 'key': 6, 'loudness': -7.605, 'mode': 0, 'speechiness': 0.353, 'acousticness': 0.08, 'instrumentalness': 0, 'liveness': 0.386, 'valence': 0.598, 'tempo': 124.957, 'type': 'audio_features', 'id': '7bJ4mu7MHa3rHiNyKjOoSl', 'uri': 'spotify:track:7bJ4mu7MHa3rHiNyKjOoSl', 'track_href': 'https://api.spotify.com/v1/tracks/7bJ4mu7MHa3rHiNyKjOoSl', 'analysis_url': 'https://api.spotify.com/v1/audio-analysis/7bJ4mu7MHa3rHiNyKjOoSl', 'duration_ms': 250770, 'time_signature': 4}",7bJ4mu7MHa3rHiNyKjOoSl,0.813,0.551,6,-7.605,0,0.353,0.08,0.0,0.386,0.598,124.957,250770,4
31,"{'danceability': 0.67, 'energy': 0.515, 'key': 1, 'loudness': -6.977, 'mode': 1, 'speechiness': 0.397, 'acousticness': 0.0705, 'instrumentalness': 0, 'liveness': 0.25, 'valence': 0.422, 'tempo': 122.006, 'type': 'audio_features', 'id': '4kNvYhyl8R6m1vykVkcuBu', 'uri': 'spotify:track:4kNvYhyl8R6m1vykVkcuBu', 'track_href': 'https://api.spotify.com/v1/tracks/4kNvYhyl8R6m1vykVkcuBu', 'analysis_url': 'https://api.spotify.com/v1/audio-analysis/4kNvYhyl8R6m1vykVkcuBu', 'duration_ms': 270867, 'time_signature': 4}",4kNvYhyl8R6m1vykVkcuBu,0.67,0.515,1,-6.977,1,0.397,0.0705,0.0,0.25,0.422,122.006,270867,4
32,"{'danceability': 0.529, 'energy': 0.838, 'key': 8, 'loudness': -2.619, 'mode': 1, 'speechiness': 0.212, 'acousticness': 0.337, 'instrumentalness': 0, 'liveness': 0.127, 'valence': 0.355, 'tempo': 88.052, 'type': 'audio_features', 'id': '3m62bJJXGyQKdR9XyRocnl', 'uri': 'spotify:track:3m62bJJXGyQKdR9XyRocnl', 'track_href': 'https://api.spotify.com/v1/tracks/3m62bJJXGyQKdR9XyRocnl', 'analysis_url': 'https://api.spotify.com/v1/audio-analysis/3m62bJJXGyQKdR9XyRocnl', 'duration_ms': 238960, 'time_signature': 4}",3m62bJJXGyQKdR9XyRocnl,0.529,0.838,8,-2.619,1,0.212,0.337,0.0,0.127,0.355,88.052,238960,4
33,"{'danceability': 0.636, 'energy': 0.566, 'key': 6, 'loudness': -7.16, 'mode': 0, 'speechiness': 0.106, 'acousticness': 0.365, 'instrumentalness': 0.000353, 'liveness': 0.0917, 'valence': 0.425, 'tempo': 151.894, 'type': 'audio_features', 'id': '7kfTqGMzIHFWeBeOJALzRf', 'uri': 'spotify:track:7kfTqGMzIHFWeBeOJALzRf', 'track_href': 'https://api.spotify.com/v1/tracks/7kfTqGMzIHFWeBeOJALzRf', 'analysis_url': 'https://api.spotify.com/v1/audio-analysis/7kfTqGMzIHFWeBeOJALzRf', 'duration_ms': 235987, 'time_signature': 4}",7kfTqGMzIHFWeBeOJALzRf,0.636,0.566,6,-7.16,0,0.106,0.365,0.000353,0.0917,0.425,151.894,235987,4
34,"{'danceability': 0.712, 'energy': 0.563, 'key': 1, 'loudness': -7.573, 'mode': 1, 'speechiness': 0.071, 'acousticness': 0.0269, 'instrumentalness': 0, 'liveness': 0.0776, 'valence': 0.299, 'tempo': 100.093, 'type': 'audio_features', 'id': '1ID1QFSNNxi0hiZCNcwjUC', 'uri': 'spotify:track:1ID1QFSNNxi0hiZCNcwjUC', 'track_href': 'https://api.spotify.com/v1/tracks/1ID1QFSNNxi0hiZCNcwjUC', 'analysis_url': 'https://api.spotify.com/v1/audio-analysis/1ID1QFSNNxi0hiZCNcwjUC', 'duration_ms': 241853, 'time_signature': 4}",1ID1QFSNNxi0hiZCNcwjUC,0.712,0.563,1,-7.573,1,0.071,0.0269,0.0,0.0776,0.299,100.093,241853,4
35,"{'danceability': 0.559, 'energy': 0.716, 'key': 11, 'loudness': -3.964, 'mode': 0, 'speechiness': 0.39, 'acousticness': 0.737, 'instrumentalness': 0, 'liveness': 0.252, 'valence': 0.504, 'tempo': 176.618, 'type': 'audio_features', 'id': '4jtyUzZm9WLc2AdaJ1dso7', 'uri': 'spotify:track:4jtyUzZm9WLc2AdaJ1dso7', 'track_href': 'https://api.spotify.com/v1/tracks/4jtyUzZm9WLc2AdaJ1dso7', 'analysis_url': 'https://api.spotify.com/v1/audio-analysis/4jtyUzZm9WLc2AdaJ1dso7', 'duration_ms': 275227, 'time_signature': 4}",4jtyUzZm9WLc2AdaJ1dso7,0.559,0.716,11,-3.964,0,0.39,0.737,0.0,0.252,0.504,176.618,275227,4
36,"{'danceability': 0.69, 'energy': 0.235, 'key': 7, 'loudness': -8.651, 'mode': 1, 'speechiness': 0.0541, 'acousticness': 0.618, 'instrumentalness': 0.000144, 'liveness': 0.107, 'valence': 0.378, 'tempo': 99.906, 'type': 'audio_features', 'id': '7JXZq0JgG2zTrSOAgY8VMC', 'uri': 'spotify:track:7JXZq0JgG2zTrSOAgY8VMC', 'track_href': 'https://api.spotify.com/v1/tracks/7JXZq0JgG2zTrSOAgY8VMC', 'analysis_url': 'https://api.spotify.com/v1/audio-analysis/7JXZq0JgG2zTrSOAgY8VMC', 'duration_ms': 320400, 'time_signature': 4}",7JXZq0JgG2zTrSOAgY8VMC,0.69,0.235,7,-8.651,1,0.0541,0.618,0.000144,0.107,0.378,99.906,320400,4
37,"{'danceability': 0.809, 'energy': 0.463, 'key': 11, 'loudness': -11.377, 'mode': 1, 'speechiness': 0.0396, 'acousticness': 0.256, 'instrumentalness': 0.085, 'liveness': 0.109, 'valence': 0.364, 'tempo': 111.98, 'type': 'audio_features', 'id': '5mCPDVBb16L4XQwDdbRUpz', 'uri': 'spotify:track:5mCPDVBb16L4XQwDdbRUpz', 'track_href': 'https://api.spotify.com/v1/tracks/5mCPDVBb16L4XQwDdbRUpz', 'analysis_url': 'https://api.spotify.com/v1/audio-analysis/5mCPDVBb16L4XQwDdbRUpz', 'duration_ms': 298941, 'time_signature': 4}",5mCPDVBb16L4XQwDdbRUpz,0.809,0.463,11,-11.377,1,0.0396,0.256,0.085,0.109,0.364,111.98,298941,4
38,"{'danceability': 0.801, 'energy': 0.727, 'key': 0, 'loudness': -4.687, 'mode': 1, 'speechiness': 0.0606, 'acousticness': 0.0864, 'instrumentalness': 0.00406, 'liveness': 0.112, 'valence': 0.218, 'tempo': 107.371, 'type': 'audio_features', 'id': '5EnYT6F7wEcdege6mDHEfO', 'uri': 'spotify:track:5EnYT6F7wEcdege6mDHEfO', 'track_href': 'https://api.spotify.com/v1/tracks/5EnYT6F7wEcdege6mDHEfO', 'analysis_url': 'https://api.spotify.com/v1/audio-analysis/5EnYT6F7wEcdege6mDHEfO', 'duration_ms': 234373, 'time_signature': 4}",5EnYT6F7wEcdege6mDHEfO,0.801,0.727,0,-4.687,1,0.0606,0.0864,0.00406,0.112,0.218,107.371,234373,4
39,"{'danceability': 0.794, 'energy': 0.735, 'key': 0, 'loudness': -4.204, 'mode': 1, 'speechiness': 0.054, 'acousticness': 0.108, 'instrumentalness': 0.00578, 'liveness': 0.112, 'valence': 0.223, 'tempo': 107.374, 'type': 'audio_features', 'id': '6Na5uKk5SsqZimk0hAWo8y', 'uri': 'spotify:track:6Na5uKk5SsqZimk0hAWo8y', 'track_href': 'https://api.spotify.com/v1/tracks/6Na5uKk5SsqZimk0hAWo8y', 'analysis_url': 'https://api.spotify.com/v1/audio-analysis/6Na5uKk5SsqZimk0hAWo8y', 'duration_ms': 234373, 'time_signature': 4}",6Na5uKk5SsqZimk0hAWo8y,0.794,0.735,0,-4.204,1,0.054,0.108,0.00578,0.112,0.223,107.374,234373,4
40,"{'danceability': 0.758, 'energy': 0.448, 'key': 7, 'loudness': -9.441, 'mode': 1, 'speechiness': 0.103, 'acousticness': 0.0309, 'instrumentalness': 8.67e-05, 'liveness': 0.558, 'valence': 0.373, 'tempo': 77.176, 'type': 'audio_features', 'id': '2XW4DbS6NddZxRPm5rMCeY', 'uri': 'spotify:track:2XW4DbS6NddZxRPm5rMCeY', 'track_href': 'https://api.spotify.com/v1/tracks/2XW4DbS6NddZxRPm5rMCeY', 'analysis_url': 'https://api.spotify.com/v1/audio-analysis/2XW4DbS6NddZxRPm5rMCeY', 'duration_ms': 198960, 'time_signature': 4}",2XW4DbS6NddZxRPm5rMCeY,0.758,0.448,7,-9.441,1,0.103,0.0309,8.67e-05,0.558,0.373,77.176,198960,4
41,"{'danceability': 0.663, 'energy': 0.846, 'key': 0, 'loudness': -5.226, 'mode': 1, 'speechiness': 0.453, 'acousticness': 0.00472, 'instrumentalness': 0, 'liveness': 0.292, 'valence': 0.526, 'tempo': 75.137, 'type': 'audio_features', 'id': '3tvkzvUTF0yoq3pdBi81I0', 'uri': 'spotify:track:3tvkzvUTF0yoq3pdBi81I0', 'track_href': 'https://api.spotify.com/v1/tracks/3tvkzvUTF0yoq3pdBi81I0', 'analysis_url': 'https://api.spotify.com/v1/audio-analysis/3tvkzvUTF0yoq3pdBi81I0', 'duration_ms': 255840, 'time_signature': 4}",3tvkzvUTF0yoq3pdBi81I0,0.663,0.846,0,-5.226,1,0.453,0.00472,0.0,0.292,0.526,75.137,255840,4
42,"{'danceability': 0.655, 'energy': 0.839, 'key': 9, 'loudness': -5.076, 'mode': 0, 'speechiness': 0.443, 'acousticness': 0.00534, 'instrumentalness': 0, 'liveness': 0.308, 'valence': 0.55, 'tempo': 74.867, 'type': 'audio_features', 'id': '5goGDc74vVREyN8al8CkPh', 'uri': 'spotify:track:5goGDc74vVREyN8al8CkPh', 'track_href': 'https://api.spotify.com/v1/tracks/5goGDc74vVREyN8al8CkPh', 'analysis_url': 'https://api.spotify.com/v1/audio-analysis/5goGDc74vVREyN8al8CkPh', 'duration_ms': 255840, 'time_signature': 4}",5goGDc74vVREyN8al8CkPh,0.655,0.839,9,-5.076,0,0.443,0.00534,0.0,0.308,0.55,74.867,255840,4
43,"{'danceability': 0.567, 'energy': 0.913, 'key': 8, 'loudness': -6.471, 'mode': 1, 'speechiness': 0.0736, 'acousticness': 0.0934, 'instrumentalness': 0.000124, 'liveness': 0.114, 'valence': 0.792, 'tempo': 93.35, 'type': 'audio_features', 'id': '1cTZMwcBJT0Ka3UJPXOeeN', 'uri': 'spotify:track:1cTZMwcBJT0Ka3UJPXOeeN', 'track_href': 'https://api.spotify.com/v1/tracks/1cTZMwcBJT0Ka3UJPXOeeN', 'analysis_url': 'https://api.spotify.com/v1/audio-analysis/1cTZMwcBJT0Ka3UJPXOeeN', 'duration_ms': 210926, 'time_signature': 4}",1cTZMwcBJT0Ka3UJPXOeeN,0.567,0.913,8,-6.471,1,0.0736,0.0934,0.000124,0.114,0.792,93.35,210926,4
44,"{'danceability': 0.899, 'energy': 0.592, 'key': 11, 'loudness': -7.901, 'mode': 0, 'speechiness': 0.333, 'acousticness': 0.263, 'instrumentalness': 0, 'liveness': 0.0831, 'valence': 0.504, 'tempo': 149.953, 'type': 'audio_features', 'id': '54oMZ3blwWwuPN4wEoG5mk', 'uri': 'spotify:track:54oMZ3blwWwuPN4wEoG5mk', 'track_href': 'https://api.spotify.com/v1/tracks/54oMZ3blwWwuPN4wEoG5mk', 'analysis_url': 'https://api.spotify.com/v1/audio-analysis/54oMZ3blwWwuPN4wEoG5mk', 'duration_ms': 214139, 'time_signature': 4}",54oMZ3blwWwuPN4wEoG5mk,0.899,0.592,11,-7.901,0,0.333,0.263,0.0,0.0831,0.504,149.953,214139,4
45,"{'danceability': 0.755, 'energy': 0.448, 'key': 7, 'loudness': -9.587, 'mode': 1, 'speechiness': 0.107, 'acousticness': 0.0283, 'instrumentalness': 3.28e-05, 'liveness': 0.514, 'valence': 0.318, 'tempo': 77.179, 'type': 'audio_features', 'id': '6T8cJz5lAqGer9GUHGyelE', 'uri': 'spotify:track:6T8cJz5lAqGer9GUHGyelE', 'track_href': 'https://api.spotify.com/v1/tracks/6T8cJz5lAqGer9GUHGyelE', 'analysis_url': 'https://api.spotify.com/v1/audio-analysis/6T8cJz5lAqGer9GUHGyelE', 'duration_ms': 198960, 'time_signature': 4}",6T8cJz5lAqGer9GUHGyelE,0.755,0.448,7,-9.587,1,0.107,0.0283,3.28e-05,0.514,0.318,77.179,198960,4
46,"{'danceability': 0.909, 'energy': 0.405, 'key': 6, 'loudness': -8.133, 'mode': 0, 'speechiness': 0.14, 'acousticness': 0.0306, 'instrumentalness': 0.00698, 'liveness': 0.105, 'valence': 0.455, 'tempo': 154.984, 'type': 'audio_features', 'id': '2Vx8E3K5icPZR7OCklWBXX', 'uri': 'spotify:track:2Vx8E3K5icPZR7OCklWBXX', 'track_href': 'https://api.spotify.com/v1/tracks/2Vx8E3K5icPZR7OCklWBXX', 'analysis_url': 'https://api.spotify.com/v1/audio-analysis/2Vx8E3K5icPZR7OCklWBXX', 'duration_ms': 238613, 'time_signature': 4}",2Vx8E3K5icPZR7OCklWBXX,0.909,0.405,6,-8.133,0,0.14,0.0306,0.00698,0.105,0.455,154.984,238613,4
47,"{'danceability': 0.685, 'energy': 0.593, 'key': 9, 'loudness': -9.083, 'mode': 0, 'speechiness': 0.284, 'acousticness': 0.134, 'instrumentalness': 0, 'liveness': 0.123, 'valence': 0.144, 'tempo': 84.763, 'type': 'audio_features', 'id': '71SEHJPt1iDwGkBhUOAXDP', 'uri': 'spotify:track:71SEHJPt1iDwGkBhUOAXDP', 'track_href': 'https://api.spotify.com/v1/tracks/71SEHJPt1iDwGkBhUOAXDP', 'analysis_url': 'https://api.spotify.com/v1/audio-analysis/71SEHJPt1iDwGkBhUOAXDP', 'duration_ms': 136187, 'time_signature': 4}",71SEHJPt1iDwGkBhUOAXDP,0.685,0.593,9,-9.083,0,0.284,0.134,0.0,0.123,0.144,84.763,136187,4
48,"{'danceability': 0.413, 'energy': 0.676, 'key': 1, 'loudness': -5.124, 'mode': 1, 'speechiness': 0.213, 'acousticness': 0.0239, 'instrumentalness': 0, 'liveness': 0.0811, 'valence': 0.0827, 'tempo': 173.478, 'type': 'audio_features', 'id': '1v1IXPXl73Z7zy6f5tUa9n', 'uri': 'spotify:track:1v1IXPXl73Z7zy6f5tUa9n', 'track_href': 'https://api.spotify.com/v1/tracks/1v1IXPXl73Z7zy6f5tUa9n', 'analysis_url': 'https://api.spotify.com/v1/audio-analysis/1v1IXPXl73Z7zy6f5tUa9n', 'duration_ms': 302173, 'time_signature': 4}",1v1IXPXl73Z7zy6f5tUa9n,0.413,0.676,1,-5.124,1,0.213,0.0239,0.0,0.0811,0.0827,173.478,302173,4
49,"{'danceability': 0.755, 'energy': 0.47, 'key': 1, 'loudness': -8.72, 'mode': 1, 'speechiness': 0.139, 'acousticness': 0.0153, 'instrumentalness': 0, 'liveness': 0.118, 'valence': 0.0604, 'tempo': 76.056, 'type': 'audio_features', 'id': '4uloft7ZE54WflsuqFmjC7', 'uri': 'spotify:track:4uloft7ZE54WflsuqFmjC7', 'track_href': 'https://api.spotify.com/v1/tracks/4uloft7ZE54WflsuqFmjC7', 'analysis_url': 'https://api.spotify.com/v1/audio-analysis/4uloft7ZE54WflsuqFmjC7', 'duration_ms': 184960, 'time_signature': 4}",4uloft7ZE54WflsuqFmjC7,0.755,0.47,1,-8.72,1,0.139,0.0153,0.0,0.118,0.0604,76.056,184960,4
50,"{'danceability': 0.534, 'energy': 0.684, 'key': 11, 'loudness': -7.874, 'mode': 0, 'speechiness': 0.717, 'acousticness': 0.164, 'instrumentalness': 0, 'liveness': 0.499, 'valence': 0.338, 'tempo': 170.416, 'type': 'audio_features', 'id': '5fcM0StdQxMjzulVGhFkHN', 'uri': 'spotify:track:5fcM0StdQxMjzulVGhFkHN', 'track_href': 'https://api.spotify.com/v1/tracks/5fcM0StdQxMjzulVGhFkHN', 'analysis_url': 'https://api.spotify.com/v1/audio-analysis/5fcM0StdQxMjzulVGhFkHN', 'duration_ms': 195720, 'time_signature': 4}",5fcM0StdQxMjzulVGhFkHN,0.534,0.684,11,-7.874,0,0.717,0.164,0.0,0.499,0.338,170.416,195720,4
51,"{'danceability': 0.899, 'energy': 0.587, 'key': 11, 'loudness': -7.866, 'mode': 0, 'speechiness': 0.338, 'acousticness': 0.279, 'instrumentalness': 0, 'liveness': 0.0835, 'valence': 0.49, 'tempo': 149.993, 'type': 'audio_features', 'id': '1iSZPndzmY6NvL1jAtIvY1', 'uri': 'spotify:track:1iSZPndzmY6NvL1jAtIvY1', 'track_href': 'https://api.spotify.com/v1/tracks/1iSZPndzmY6NvL1jAtIvY1', 'analysis_url': 'https://api.spotify.com/v1/audio-analysis/1iSZPndzmY6NvL1jAtIvY1', 'duration_ms': 214467, 'time_signature': 4}",1iSZPndzmY6NvL1jAtIvY1,0.899,0.587,11,-7.866,0,0.338,0.279,0.0,0.0835,0.49,149.993,214467,4
52,"{'danceability': 0.755, 'energy': 0.575, 'key': 4, 'loudness': -8.392, 'mode': 0, 'speechiness': 0.0673, 'acousticness': 0.0443, 'instrumentalness': 0.00127, 'liveness': 0.276, 'valence': 0.493, 'tempo': 85.994, 'type': 'audio_features', 'id': '7txPE73wHbuXYkM1h8zNrG', 'uri': 'spotify:track:7txPE73wHbuXYkM1h8zNrG', 'track_href': 'https://api.spotify.com/v1/tracks/7txPE73wHbuXYkM1h8zNrG', 'analysis_url': 'https://api.spotify.com/v1/audio-analysis/7txPE73wHbuXYkM1h8zNrG', 'duration_ms': 205147, 'time_signature': 4}",7txPE73wHbuXYkM1h8zNrG,0.755,0.575,4,-8.392,0,0.0673,0.0443,0.00127,0.276,0.493,85.994,205147,4
53,"{'danceability': 0.759, 'energy': 0.479, 'key': 11, 'loudness': -10.65, 'mode': 1, 'speechiness': 0.186, 'acousticness': 0.0039, 'instrumentalness': 5.3e-06, 'liveness': 0.302, 'valence': 0.347, 'tempo': 140.089, 'type': 'audio_features', 'id': '3Yw09dj3cTXsAzlLjgBfIP', 'uri': 'spotify:track:3Yw09dj3cTXsAzlLjgBfIP', 'track_href': 'https://api.spotify.com/v1/tracks/3Yw09dj3cTXsAzlLjgBfIP', 'analysis_url': 'https://api.spotify.com/v1/audio-analysis/3Yw09dj3cTXsAzlLjgBfIP', 'duration_ms': 195813, 'time_signature': 4}",3Yw09dj3cTXsAzlLjgBfIP,0.759,0.479,11,-10.65,1,0.186,0.0039,5.3e-06,0.302,0.347,140.089,195813,4
54,"{'danceability': 0.878, 'energy': 0.432, 'key': 10, 'loudness': -9.852, 'mode': 0, 'speechiness': 0.143, 'acousticness': 0.041, 'instrumentalness': 0, 'liveness': 0.0571, 'valence': 0.441, 'tempo': 86.956, 'type': 'audio_features', 'id': '7cfvP13Bqb1EyCZQiYsLum', 'uri': 'spotify:track:7cfvP13Bqb1EyCZQiYsLum', 'track_href': 'https://api.spotify.com/v1/tracks/7cfvP13Bqb1EyCZQiYsLum', 'analysis_url': 'https://api.spotify.com/v1/audio-analysis/7cfvP13Bqb1EyCZQiYsLum', 'duration_ms': 163973, 'time_signature': 4}",7cfvP13Bqb1EyCZQiYsLum,0.878,0.432,10,-9.852,0,0.143,0.041,0.0,0.0571,0.441,86.956,163973,4
55,"{'danceability': 0.825, 'energy': 0.317, 'key': 10, 'loudness': -12.39, 'mode': 1, 'speechiness': 0.0583, 'acousticness': 0.497, 'instrumentalness': 0.0128, 'liveness': 0.11, 'valence': 0.136, 'tempo': 103.001, 'type': 'audio_features', 'id': '36ONiya0OANYknz0GgJmwB', 'uri': 'spotify:track:36ONiya0OANYknz0GgJmwB', 'track_href': 'https://api.spotify.com/v1/tracks/36ONiya0OANYknz0GgJmwB', 'analysis_url': 'https://api.spotify.com/v1/audio-analysis/36ONiya0OANYknz0GgJmwB', 'duration_ms': 245787, 'time_signature': 4}",36ONiya0OANYknz0GgJmwB,0.825,0.317,10,-12.39,1,0.0583,0.497,0.0128,0.11,0.136,103.001,245787,4
56,"{'danceability': 0.754, 'energy': 0.449, 'key': 7, 'loudness': -9.212, 'mode': 1, 'speechiness': 0.108, 'acousticness': 0.0329, 'instrumentalness': 7.84e-05, 'liveness': 0.55, 'valence': 0.35, 'tempo': 77.167, 'type': 'audio_features', 'id': '2VWbHHhWnMzKWPUs4IEEW9', 'uri': 'spotify:track:2VWbHHhWnMzKWPUs4IEEW9', 'track_href': 'https://api.spotify.com/v1/tracks/2VWbHHhWnMzKWPUs4IEEW9', 'analysis_url': 'https://api.spotify.com/v1/audio-analysis/2VWbHHhWnMzKWPUs4IEEW9', 'duration_ms': 198973, 'time_signature': 4}",2VWbHHhWnMzKWPUs4IEEW9,0.754,0.449,7,-9.212,1,0.108,0.0329,7.84e-05,0.55,0.35,77.167,198973,4
57,"{'danceability': 0.487, 'energy': 0.85, 'key': 1, 'loudness': -5.427, 'mode': 1, 'speechiness': 0.25, 'acousticness': 0.047, 'instrumentalness': 0, 'liveness': 0.142, 'valence': 0.523, 'tempo': 152.102, 'type': 'audio_features', 'id': '1sPLURKAosM3Jampgp9AWq', 'uri': 'spotify:track:1sPLURKAosM3Jampgp9AWq', 'track_href': 'https://api.spotify.com/v1/tracks/1sPLURKAosM3Jampgp9AWq', 'analysis_url': 'https://api.spotify.com/v1/audio-analysis/1sPLURKAosM3Jampgp9AWq', 'duration_ms': 216333, 'time_signature': 4}",1sPLURKAosM3Jampgp9AWq,0.487,0.85,1,-5.427,1,0.25,0.047,0.0,0.142,0.523,152.102,216333,4
58,"{'danceability': 0.7, 'energy': 0.909, 'key': 8, 'loudness': -6.461, 'mode': 1, 'speechiness': 0.0628, 'acousticness': 0.0884, 'instrumentalness': 0.000114, 'liveness': 0.0778, 'valence': 0.757, 'tempo': 93.469, 'type': 'audio_features', 'id': '0HVv5bEOiI9a0QfgcASXpX', 'uri': 'spotify:track:0HVv5bEOiI9a0QfgcASXpX', 'track_href': 'https://api.spotify.com/v1/tracks/0HVv5bEOiI9a0QfgcASXpX', 'analysis_url': 'https://api.spotify.com/v1/audio-analysis/0HVv5bEOiI9a0QfgcASXpX', 'duration_ms': 210747, 'time_signature': 4}",0HVv5bEOiI9a0QfgcASXpX,0.7,0.909,8,-6.461,1,0.0628,0.0884,0.000114,0.0778,0.757,93.469,210747,4
59,"{'danceability': 0.636, 'energy': 0.538, 'key': 1, 'loudness': -7.725, 'mode': 1, 'speechiness': 0.312, 'acousticness': 0.738, 'instrumentalness': 0, 'liveness': 0.149, 'valence': 0.514, 'tempo': 83.508, 'type': 'audio_features', 'id': '2QoOyCFpDo4NblMLP7vBRT', 'uri': 'spotify:track:2QoOyCFpDo4NblMLP7vBRT', 'track_href': 'https://api.spotify.com/v1/tracks/2QoOyCFpDo4NblMLP7vBRT', 'analysis_url': 'https://api.spotify.com/v1/audio-analysis/2QoOyCFpDo4NblMLP7vBRT', 'duration_ms': 226920, 'time_signature': 4}",2QoOyCFpDo4NblMLP7vBRT,0.636,0.538,1,-7.725,1,0.312,0.738,0.0,0.149,0.514,83.508,226920,4
60,"{'danceability': 0.735, 'energy': 0.482, 'key': 8, 'loudness': -9.445, 'mode': 1, 'speechiness': 0.139, 'acousticness': 0.00623, 'instrumentalness': 0.0144, 'liveness': 0.448, 'valence': 0.315, 'tempo': 181.995, 'type': 'audio_features', 'id': '0bAkKNCQfWkexHFn7fIKns', 'uri': 'spotify:track:0bAkKNCQfWkexHFn7fIKns', 'track_href': 'https://api.spotify.com/v1/tracks/0bAkKNCQfWkexHFn7fIKns', 'analysis_url': 'https://api.spotify.com/v1/audio-analysis/0bAkKNCQfWkexHFn7fIKns', 'duration_ms': 217933, 'time_signature': 4}",0bAkKNCQfWkexHFn7fIKns,0.735,0.482,8,-9.445,1,0.139,0.00623,0.0144,0.448,0.315,181.995,217933,4
61,"{'danceability': 0.776, 'energy': 0.482, 'key': 1, 'loudness': -11.268, 'mode': 1, 'speechiness': 0.0356, 'acousticness': 0.481, 'instrumentalness': 0.0457, 'liveness': 0.11, 'valence': 0.128, 'tempo': 136.015, 'type': 'audio_features', 'id': '0w1ZtnzQmtmuuoKxHT0pLL', 'uri': 'spotify:track:0w1ZtnzQmtmuuoKxHT0pLL', 'track_href': 'https://api.spotify.com/v1/tracks/0w1ZtnzQmtmuuoKxHT0pLL', 'analysis_url': 'https://api.spotify.com/v1/audio-analysis/0w1ZtnzQmtmuuoKxHT0pLL', 'duration_ms': 247893, 'time_signature': 4}",0w1ZtnzQmtmuuoKxHT0pLL,0.776,0.482,1,-11.268,1,0.0356,0.481,0.0457,0.11,0.128,136.015,247893,4
62,"{'danceability': 0.689, 'energy': 0.217, 'key': 9, 'loudness': -13.539, 'mode': 0, 'speechiness': 0.0387, 'acousticness': 0.847, 'instrumentalness': 0.000123, 'liveness': 0.106, 'valence': 0.272, 'tempo': 92.007, 'type': 'audio_features', 'id': '2RAeY8dPj6KmStROfEigjV', 'uri': 'spotify:track:2RAeY8dPj6KmStROfEigjV', 'track_href': 'https://api.spotify.com/v1/tracks/2RAeY8dPj6KmStROfEigjV', 'analysis_url': 'https://api.spotify.com/v1/audio-analysis/2RAeY8dPj6KmStROfEigjV', 'duration_ms': 206027, 'time_signature': 4}",2RAeY8dPj6KmStROfEigjV,0.689,0.217,9,-13.539,0,0.0387,0.847,0.000123,0.106,0.272,92.007,206027,4
63,"{'danceability': 0.766, 'energy': 0.272, 'key': 0, 'loudness': -5.696, 'mode': 1, 'speechiness': 0.041, 'acousticness': 0.0366, 'instrumentalness': 0, 'liveness': 0.175, 'valence': 0.037, 'tempo': 116.036, 'type': 'audio_features', 'id': '3jipFRgLyKK0oJoG1pKicx', 'uri': 'spotify:track:3jipFRgLyKK0oJoG1pKicx', 'track_href': 'https://api.spotify.com/v1/tracks/3jipFRgLyKK0oJoG1pKicx', 'analysis_url': 'https://api.spotify.com/v1/audio-analysis/3jipFRgLyKK0oJoG1pKicx', 'duration_ms': 262453, 'time_signature': 4}",3jipFRgLyKK0oJoG1pKicx,0.766,0.272,0,-5.696,1,0.041,0.0366,0.0,0.175,0.037,116.036,262453,4
64,"{'danceability': 0.807, 'energy': 0.321, 'key': 0, 'loudness': -8.147, 'mode': 0, 'speechiness': 0.0571, 'acousticness': 0.132, 'instrumentalness': 0.000289, 'liveness': 0.1, 'valence': 0.305, 'tempo': 94.994, 'type': 'audio_features', 'id': '590bUp2TKTfTS9NfiD4Nmn', 'uri': 'spotify:track:590bUp2TKTfTS9NfiD4Nmn', 'track_href': 'https://api.spotify.com/v1/tracks/590bUp2TKTfTS9NfiD4Nmn', 'analysis_url': 'https://api.spotify.com/v1/audio-analysis/590bUp2TKTfTS9NfiD4Nmn', 'duration_ms': 182080, 'time_signature': 4}",590bUp2TKTfTS9NfiD4Nmn,0.807,0.321,0,-8.147,0,0.0571,0.132,0.000289,0.1,0.305,94.994,182080,4
65,"{'danceability': 0.888, 'energy': 0.377, 'key': 7, 'loudness': -10.142, 'mode': 0, 'speechiness': 0.339, 'acousticness': 0.0126, 'instrumentalness': 0, 'liveness': 0.19, 'valence': 0.126, 'tempo': 133.996, 'type': 'audio_features', 'id': '1Jrj3k5L36dPkU6KAclU7g', 'uri': 'spotify:track:1Jrj3k5L36dPkU6KAclU7g', 'track_href': 'https://api.spotify.com/v1/tracks/1Jrj3k5L36dPkU6KAclU7g', 'analysis_url': 'https://api.spotify.com/v1/audio-analysis/1Jrj3k5L36dPkU6KAclU7g', 'duration_ms': 162800, 'time_signature': 4}",1Jrj3k5L36dPkU6KAclU7g,0.888,0.377,7,-10.142,0,0.339,0.0126,0.0,0.19,0.126,133.996,162800,4
66,"{'danceability': 0.81, 'energy': 0.451, 'key': 10, 'loudness': -6.348, 'mode': 0, 'speechiness': 0.249, 'acousticness': 0.152, 'instrumentalness': 0.0537, 'liveness': 0.108, 'valence': 0.359, 'tempo': 85.417, 'type': 'audio_features', 'id': '0SVsEdvot6vU4byv5yW0oj', 'uri': 'spotify:track:0SVsEdvot6vU4byv5yW0oj', 'track_href': 'https://api.spotify.com/v1/tracks/0SVsEdvot6vU4byv5yW0oj', 'analysis_url': 'https://api.spotify.com/v1/audio-analysis/0SVsEdvot6vU4byv5yW0oj', 'duration_ms': 157600, 'time_signature': 4}",0SVsEdvot6vU4byv5yW0oj,0.81,0.451,10,-6.348,0,0.249,0.152,0.0537,0.108,0.359,85.417,157600,4
67,"{'danceability': 0.648, 'energy': 0.535, 'key': 2, 'loudness': -13.295, 'mode': 1, 'speechiness': 0.1, 'acousticness': 0.458, 'instrumentalness': 0.00246, 'liveness': 0.106, 'valence': 0.444, 'tempo': 168.03, 'type': 'audio_features', 'id': '16x6tqeSkIjoLEf7SJLlYy', 'uri': 'spotify:track:16x6tqeSkIjoLEf7SJLlYy', 'track_href': 'https://api.spotify.com/v1/tracks/16x6tqeSkIjoLEf7SJLlYy', 'analysis_url': 'https://api.spotify.com/v1/audio-analysis/16x6tqeSkIjoLEf7SJLlYy', 'duration_ms': 207307, 'time_signature': 4}",16x6tqeSkIjoLEf7SJLlYy,0.648,0.535,2,-13.295,1,0.1,0.458,0.00246,0.106,0.444,168.03,207307,4
68,"{'danceability': 0.65, 'energy': 0.429, 'key': 2, 'loudness': -13.071, 'mode': 1, 'speechiness': 0.192, 'acousticness': 0.0386, 'instrumentalness': 0, 'liveness': 0.139, 'valence': 0.333, 'tempo': 141.855, 'type': 'audio_features', 'id': '4IvenHmD0spfFDOKphoUDp', 'uri': 'spotify:track:4IvenHmD0spfFDOKphoUDp', 'track_href': 'https://api.spotify.com/v1/tracks/4IvenHmD0spfFDOKphoUDp', 'analysis_url': 'https://api.spotify.com/v1/audio-analysis/4IvenHmD0spfFDOKphoUDp', 'duration_ms': 289560, 'time_signature': 4}",4IvenHmD0spfFDOKphoUDp,0.65,0.429,2,-13.071,1,0.192,0.0386,0.0,0.139,0.333,141.855,289560,4
69,"{'danceability': 0.5, 'energy': 0.419, 'key': 10, 'loudness': -7.349, 'mode': 0, 'speechiness': 0.39, 'acousticness': 0.4, 'instrumentalness': 0, 'liveness': 0.36, 'valence': 0.313, 'tempo': 91.963, 'type': 'audio_features', 'id': '40IiSjljbAhrSbdJ3HxSfH', 'uri': 'spotify:track:40IiSjljbAhrSbdJ3HxSfH', 'track_href': 'https://api.spotify.com/v1/tracks/40IiSjljbAhrSbdJ3HxSfH', 'analysis_url': 'https://api.spotify.com/v1/audio-analysis/40IiSjljbAhrSbdJ3HxSfH', 'duration_ms': 309560, 'time_signature': 4}",40IiSjljbAhrSbdJ3HxSfH,0.5,0.419,10,-7.349,0,0.39,0.4,0.0,0.36,0.313,91.963,309560,4
70,"{'danceability': 0.461, 'energy': 0.449, 'key': 0, 'loudness': -10.998, 'mode': 1, 'speechiness': 0.442, 'acousticness': 0.428, 'instrumentalness': 8.29e-06, 'liveness': 0.115, 'valence': 0.104, 'tempo': 86.505, 'type': 'audio_features', 'id': '7ijJ5crvsnCvCLJbHpyq3j', 'uri': 'spotify:track:7ijJ5crvsnCvCLJbHpyq3j', 'track_href': 'https://api.spotify.com/v1/tracks/7ijJ5crvsnCvCLJbHpyq3j', 'analysis_url': 'https://api.spotify.com/v1/audio-analysis/7ijJ5crvsnCvCLJbHpyq3j', 'duration_ms': 219960, 'time_signature': 4}",7ijJ5crvsnCvCLJbHpyq3j,0.461,0.449,0,-10.998,1,0.442,0.428,8.29e-06,0.115,0.104,86.505,219960,4
71,"{'danceability': 0.792, 'energy': 0.625, 'key': 1, 'loudness': -5.609, 'mode': 1, 'speechiness': 0.0536, 'acousticness': 0.00776, 'instrumentalness': 0.00188, 'liveness': 0.329, 'valence': 0.37, 'tempo': 103.967, 'type': 'audio_features', 'id': '1zi7xx7UVEFkmKfv06H8x0', 'uri': 'spotify:track:1zi7xx7UVEFkmKfv06H8x0', 'track_href': 'https://api.spotify.com/v1/tracks/1zi7xx7UVEFkmKfv06H8x0', 'analysis_url': 'https://api.spotify.com/v1/audio-analysis/1zi7xx7UVEFkmKfv06H8x0', 'duration_ms': 173987, 'time_signature': 4}",1zi7xx7UVEFkmKfv06H8x0,0.792,0.625,1,-5.609,1,0.0536,0.00776,0.00188,0.329,0.37,103.967,173987,4
72,"{'danceability': 0.835, 'energy': 0.626, 'key': 1, 'loudness': -5.833, 'mode': 1, 'speechiness': 0.125, 'acousticness': 0.0589, 'instrumentalness': 6e-05, 'liveness': 0.396, 'valence': 0.35, 'tempo': 91.03, 'type': 'audio_features', 'id': '2G7V7zsVDxg1yRsu7Ew9RJ', 'uri': 'spotify:track:2G7V7zsVDxg1yRsu7Ew9RJ', 'track_href': 'https://api.spotify.com/v1/tracks/2G7V7zsVDxg1yRsu7Ew9RJ', 'analysis_url': 'https://api.spotify.com/v1/audio-analysis/2G7V7zsVDxg1yRsu7Ew9RJ', 'duration_ms': 217925, 'time_signature': 4}",2G7V7zsVDxg1yRsu7Ew9RJ,0.835,0.626,1,-5.833,1,0.125,0.0589,6e-05,0.396,0.35,91.03,217925,4
73,"{'danceability': 0.912, 'energy': 0.412, 'key': 7, 'loudness': -8.074, 'mode': 1, 'speechiness': 0.124, 'acousticness': 0.0164, 'instrumentalness': 0.013, 'liveness': 0.104, 'valence': 0.422, 'tempo': 154.983, 'type': 'audio_features', 'id': '0TlLq3lA83rQOYtrqBqSct', 'uri': 'spotify:track:0TlLq3lA83rQOYtrqBqSct', 'track_href': 'https://api.spotify.com/v1/tracks/0TlLq3lA83rQOYtrqBqSct', 'analysis_url': 'https://api.spotify.com/v1/audio-analysis/0TlLq3lA83rQOYtrqBqSct', 'duration_ms': 238614, 'time_signature': 4}",0TlLq3lA83rQOYtrqBqSct,0.912,0.412,7,-8.074,1,0.124,0.0164,0.013,0.104,0.422,154.983,238614,4
74,"{'danceability': 0.586, 'energy': 0.909, 'key': 8, 'loudness': -6.474, 'mode': 1, 'speechiness': 0.0705, 'acousticness': 0.0891, 'instrumentalness': 0.000109, 'liveness': 0.119, 'valence': 0.757, 'tempo': 93.394, 'type': 'audio_features', 'id': '3CA9pLiwRIGtUBiMjbZmRw', 'uri': 'spotify:track:3CA9pLiwRIGtUBiMjbZmRw', 'track_href': 'https://api.spotify.com/v1/tracks/3CA9pLiwRIGtUBiMjbZmRw', 'analysis_url': 'https://api.spotify.com/v1/audio-analysis/3CA9pLiwRIGtUBiMjbZmRw', 'duration_ms': 210747, 'time_signature': 4}",3CA9pLiwRIGtUBiMjbZmRw,0.586,0.909,8,-6.474,1,0.0705,0.0891,0.000109,0.119,0.757,93.394,210747,4
75,"{'danceability': 0.826, 'energy': 0.318, 'key': 10, 'loudness': -12.391, 'mode': 1, 'speechiness': 0.0574, 'acousticness': 0.493, 'instrumentalness': 0.0131, 'liveness': 0.11, 'valence': 0.138, 'tempo': 103.002, 'type': 'audio_features', 'id': '6G8kHiVZ1jW7vHMPVRNZU0', 'uri': 'spotify:track:6G8kHiVZ1jW7vHMPVRNZU0', 'track_href': 'https://api.spotify.com/v1/tracks/6G8kHiVZ1jW7vHMPVRNZU0', 'analysis_url': 'https://api.spotify.com/v1/audio-analysis/6G8kHiVZ1jW7vHMPVRNZU0', 'duration_ms': 245787, 'time_signature': 4}",6G8kHiVZ1jW7vHMPVRNZU0,0.826,0.318,10,-12.391,1,0.0574,0.493,0.0131,0.11,0.138,103.002,245787,4
76,"{'danceability': 0.754, 'energy': 0.449, 'key': 7, 'loudness': -9.211, 'mode': 1, 'speechiness': 0.109, 'acousticness': 0.0332, 'instrumentalness': 8.29e-05, 'liveness': 0.552, 'valence': 0.357, 'tempo': 77.169, 'type': 'audio_features', 'id': '6DCZcSspjsKoFjzjrWoCdn', 'uri': 'spotify:track:6DCZcSspjsKoFjzjrWoCdn', 'track_href': 'https://api.spotify.com/v1/tracks/6DCZcSspjsKoFjzjrWoCdn', 'analysis_url': 'https://api.spotify.com/v1/audio-analysis/6DCZcSspjsKoFjzjrWoCdn', 'duration_ms': 198973, 'time_signature': 4}",6DCZcSspjsKoFjzjrWoCdn,0.754,0.449,7,-9.211,1,0.109,0.0332,8.29e-05,0.552,0.357,77.169,198973,4
77,"{'danceability': 0.899, 'energy': 0.586, 'key': 11, 'loudness': -7.866, 'mode': 0, 'speechiness': 0.344, 'acousticness': 0.279, 'instrumentalness': 0, 'liveness': 0.0836, 'valence': 0.492, 'tempo': 150.001, 'type': 'audio_features', 'id': '3qN5qMTKyEEmiTZD38BNTT', 'uri': 'spotify:track:3qN5qMTKyEEmiTZD38BNTT', 'track_href': 'https://api.spotify.com/v1/tracks/3qN5qMTKyEEmiTZD38BNTT', 'analysis_url': 'https://api.spotify.com/v1/audio-analysis/3qN5qMTKyEEmiTZD38BNTT', 'duration_ms': 214467, 'time_signature': 4}",3qN5qMTKyEEmiTZD38BNTT,0.899,0.586,11,-7.866,0,0.344,0.279,0.0,0.0836,0.492,150.001,214467,4
78,"{'danceability': 0.755, 'energy': 0.575, 'key': 4, 'loudness': -8.393, 'mode': 0, 'speechiness': 0.0678, 'acousticness': 0.0456, 'instrumentalness': 0.00124, 'liveness': 0.276, 'valence': 0.49, 'tempo': 85.987, 'type': 'audio_features', 'id': '7rC5Pl8rQSX4myONQHYPBK', 'uri': 'spotify:track:7rC5Pl8rQSX4myONQHYPBK', 'track_href': 'https://api.spotify.com/v1/tracks/7rC5Pl8rQSX4myONQHYPBK', 'analysis_url': 'https://api.spotify.com/v1/audio-analysis/7rC5Pl8rQSX4myONQHYPBK', 'duration_ms': 205147, 'time_signature': 4}",7rC5Pl8rQSX4myONQHYPBK,0.755,0.575,4,-8.393,0,0.0678,0.0456,0.00124,0.276,0.49,85.987,205147,4
79,"{'danceability': 0.413, 'energy': 0.677, 'key': 1, 'loudness': -5.12, 'mode': 1, 'speechiness': 0.255, 'acousticness': 0.0249, 'instrumentalness': 0, 'liveness': 0.0793, 'valence': 0.0845, 'tempo': 172.501, 'type': 'audio_features', 'id': '5Psnhdkyanjpgc2P8A5TSM', 'uri': 'spotify:track:5Psnhdkyanjpgc2P8A5TSM', 'track_href': 'https://api.spotify.com/v1/tracks/5Psnhdkyanjpgc2P8A5TSM', 'analysis_url': 'https://api.spotify.com/v1/audio-analysis/5Psnhdkyanjpgc2P8A5TSM', 'duration_ms': 302173, 'time_signature': 4}",5Psnhdkyanjpgc2P8A5TSM,0.413,0.677,1,-5.12,1,0.255,0.0249,0.0,0.0793,0.0845,172.501,302173,4
80,"{'danceability': 0.761, 'energy': 0.598, 'key': 10, 'loudness': -7.249, 'mode': 0, 'speechiness': 0.182, 'acousticness': 0.128, 'instrumentalness': 0, 'liveness': 0.0839, 'valence': 0.447, 'tempo': 173.897, 'type': 'audio_features', 'id': '1dUHF4RyMmMTveJ0Rby6Xm', 'uri': 'spotify:track:1dUHF4RyMmMTveJ0Rby6Xm', 'track_href': 'https://api.spotify.com/v1/tracks/1dUHF4RyMmMTveJ0Rby6Xm', 'analysis_url': 'https://api.spotify.com/v1/audio-analysis/1dUHF4RyMmMTveJ0Rby6Xm', 'duration_ms': 163974, 'time_signature': 4}",1dUHF4RyMmMTveJ0Rby6Xm,0.761,0.598,10,-7.249,0,0.182,0.128,0.0,0.0839,0.447,173.897,163974,4
81,"{'danceability': 0.758, 'energy': 0.474, 'key': 1, 'loudness': -8.72, 'mode': 1, 'speechiness': 0.146, 'acousticness': 0.015, 'instrumentalness': 0, 'liveness': 0.116, 'valence': 0.0541, 'tempo': 76.062, 'type': 'audio_features', 'id': '3szf2z1Cy1QMrtHrbn8rz9', 'uri': 'spotify:track:3szf2z1Cy1QMrtHrbn8rz9', 'track_href': 'https://api.spotify.com/v1/tracks/3szf2z1Cy1QMrtHrbn8rz9', 'analysis_url': 'https://api.spotify.com/v1/audio-analysis/3szf2z1Cy1QMrtHrbn8rz9', 'duration_ms': 184960, 'time_signature': 4}",3szf2z1Cy1QMrtHrbn8rz9,0.758,0.474,1,-8.72,1,0.146,0.015,0.0,0.116,0.0541,76.062,184960,4
82,"{'danceability': 0.888, 'energy': 0.372, 'key': 7, 'loudness': -10.254, 'mode': 0, 'speechiness': 0.358, 'acousticness': 0.013, 'instrumentalness': 0, 'liveness': 0.184, 'valence': 0.123, 'tempo': 133.998, 'type': 'audio_features', 'id': '4n1bdaKwynQndm47x5HqWX', 'uri': 'spotify:track:4n1bdaKwynQndm47x5HqWX', 'track_href': 'https://api.spotify.com/v1/tracks/4n1bdaKwynQndm47x5HqWX', 'analysis_url': 'https://api.spotify.com/v1/audio-analysis/4n1bdaKwynQndm47x5HqWX', 'duration_ms': 162800, 'time_signature': 4}",4n1bdaKwynQndm47x5HqWX,0.888,0.372,7,-10.254,0,0.358,0.013,0.0,0.184,0.123,133.998,162800,4
83,"{'danceability': 0.775, 'energy': 0.482, 'key': 1, 'loudness': -11.269, 'mode': 1, 'speechiness': 0.0357, 'acousticness': 0.477, 'instrumentalness': 0.0456, 'liveness': 0.11, 'valence': 0.134, 'tempo': 136.016, 'type': 'audio_features', 'id': '4HG1YiGBseVKzjyKcmAJen', 'uri': 'spotify:track:4HG1YiGBseVKzjyKcmAJen', 'track_href': 'https://api.spotify.com/v1/tracks/4HG1YiGBseVKzjyKcmAJen', 'analysis_url': 'https://api.spotify.com/v1/audio-analysis/4HG1YiGBseVKzjyKcmAJen', 'duration_ms': 247893, 'time_signature': 4}",4HG1YiGBseVKzjyKcmAJen,0.775,0.482,1,-11.269,1,0.0357,0.477,0.0456,0.11,0.134,136.016,247893,4
84,"{'danceability': 0.529, 'energy': 0.69, 'key': 2, 'loudness': -7.87, 'mode': 1, 'speechiness': 0.74, 'acousticness': 0.161, 'instrumentalness': 0, 'liveness': 0.498, 'valence': 0.311, 'tempo': 170.54, 'type': 'audio_features', 'id': '0zqy3ss4CwD6u4QPksS0nI', 'uri': 'spotify:track:0zqy3ss4CwD6u4QPksS0nI', 'track_href': 'https://api.spotify.com/v1/tracks/0zqy3ss4CwD6u4QPksS0nI', 'analysis_url': 'https://api.spotify.com/v1/audio-analysis/0zqy3ss4CwD6u4QPksS0nI', 'duration_ms': 195720, 'time_signature': 4}",0zqy3ss4CwD6u4QPksS0nI,0.529,0.69,2,-7.87,1,0.74,0.161,0.0,0.498,0.311,170.54,195720,4
85,"{'danceability': 0.607, 'energy': 0.596, 'key': 9, 'loudness': -9.09, 'mode': 0, 'speechiness': 0.358, 'acousticness': 0.133, 'instrumentalness': 0, 'liveness': 0.123, 'valence': 0.149, 'tempo': 77.324, 'type': 'audio_features', 'id': '2yg9UN4eo5eMVJ7OB4RWj3', 'uri': 'spotify:track:2yg9UN4eo5eMVJ7OB4RWj3', 'track_href': 'https://api.spotify.com/v1/tracks/2yg9UN4eo5eMVJ7OB4RWj3', 'analysis_url': 'https://api.spotify.com/v1/audio-analysis/2yg9UN4eo5eMVJ7OB4RWj3', 'duration_ms': 136187, 'time_signature': 4}",2yg9UN4eo5eMVJ7OB4RWj3,0.607,0.596,9,-9.09,0,0.358,0.133,0.0,0.123,0.149,77.324,136187,4
86,"{'danceability': 0.758, 'energy': 0.49, 'key': 11, 'loudness': -9.877, 'mode': 1, 'speechiness': 0.139, 'acousticness': 0.00359, 'instrumentalness': 6.61e-06, 'liveness': 0.292, 'valence': 0.335, 'tempo': 140.116, 'type': 'audio_features', 'id': '4ksuI04WMvUnJbHQjgs3L5', 'uri': 'spotify:track:4ksuI04WMvUnJbHQjgs3L5', 'track_href': 'https://api.spotify.com/v1/tracks/4ksuI04WMvUnJbHQjgs3L5', 'analysis_url': 'https://api.spotify.com/v1/audio-analysis/4ksuI04WMvUnJbHQjgs3L5', 'duration_ms': 223240, 'time_signature': 4}",4ksuI04WMvUnJbHQjgs3L5,0.758,0.49,11,-9.877,1,0.139,0.00359,6.61e-06,0.292,0.335,140.116,223240,4
87,"{'danceability': 0.686, 'energy': 0.428, 'key': 2, 'loudness': -13.072, 'mode': 1, 'speechiness': 0.192, 'acousticness': 0.0414, 'instrumentalness': 0, 'liveness': 0.138, 'valence': 0.329, 'tempo': 141.95, 'type': 'audio_features', 'id': '3mvYQKm8h6M5K5h0nVPY9S', 'uri': 'spotify:track:3mvYQKm8h6M5K5h0nVPY9S', 'track_href': 'https://api.spotify.com/v1/tracks/3mvYQKm8h6M5K5h0nVPY9S', 'analysis_url': 'https://api.spotify.com/v1/audio-analysis/3mvYQKm8h6M5K5h0nVPY9S', 'duration_ms': 289560, 'time_signature': 4}",3mvYQKm8h6M5K5h0nVPY9S,0.686,0.428,2,-13.072,1,0.192,0.0414,0.0,0.138,0.329,141.95,289560,4
88,"{'danceability': 0.85, 'energy': 0.473, 'key': 10, 'loudness': -5.747, 'mode': 0, 'speechiness': 0.209, 'acousticness': 0.117, 'instrumentalness': 0.0105, 'liveness': 0.108, 'valence': 0.38, 'tempo': 85.454, 'type': 'audio_features', 'id': '41a7dZcq30Ss5kPMayWRV0', 'uri': 'spotify:track:41a7dZcq30Ss5kPMayWRV0', 'track_href': 'https://api.spotify.com/v1/tracks/41a7dZcq30Ss5kPMayWRV0', 'analysis_url': 'https://api.spotify.com/v1/audio-analysis/41a7dZcq30Ss5kPMayWRV0', 'duration_ms': 157605, 'time_signature': 4}",41a7dZcq30Ss5kPMayWRV0,0.85,0.473,10,-5.747,0,0.209,0.117,0.0105,0.108,0.38,85.454,157605,4
89,"{'danceability': 0.487, 'energy': 0.849, 'key': 1, 'loudness': -5.432, 'mode': 1, 'speechiness': 0.246, 'acousticness': 0.0481, 'instrumentalness': 0, 'liveness': 0.143, 'valence': 0.52, 'tempo': 152.093, 'type': 'audio_features', 'id': '6cblRiEGDRNZgowcm951R3', 'uri': 'spotify:track:6cblRiEGDRNZgowcm951R3', 'track_href': 'https://api.spotify.com/v1/tracks/6cblRiEGDRNZgowcm951R3', 'analysis_url': 'https://api.spotify.com/v1/audio-analysis/6cblRiEGDRNZgowcm951R3', 'duration_ms': 216333, 'time_signature': 4}",6cblRiEGDRNZgowcm951R3,0.487,0.849,1,-5.432,1,0.246,0.0481,0.0,0.143,0.52,152.093,216333,4
90,"{'danceability': 0.807, 'energy': 0.32, 'key': 0, 'loudness': -8.152, 'mode': 0, 'speechiness': 0.0582, 'acousticness': 0.133, 'instrumentalness': 0.000328, 'liveness': 0.101, 'valence': 0.298, 'tempo': 94.99, 'type': 'audio_features', 'id': '2WP8G2pdddDmnh1xbfKBOI', 'uri': 'spotify:track:2WP8G2pdddDmnh1xbfKBOI', 'track_href': 'https://api.spotify.com/v1/tracks/2WP8G2pdddDmnh1xbfKBOI', 'analysis_url': 'https://api.spotify.com/v1/audio-analysis/2WP8G2pdddDmnh1xbfKBOI', 'duration_ms': 182080, 'time_signature': 4}",2WP8G2pdddDmnh1xbfKBOI,0.807,0.32,0,-8.152,0,0.0582,0.133,0.000328,0.101,0.298,94.99,182080,4
91,"{'danceability': 0.766, 'energy': 0.271, 'key': 0, 'loudness': -5.697, 'mode': 1, 'speechiness': 0.0412, 'acousticness': 0.037, 'instrumentalness': 0, 'liveness': 0.175, 'valence': 0.0371, 'tempo': 116.02, 'type': 'audio_features', 'id': '4c2xt1trwYZpMqPWY35Xi9', 'uri': 'spotify:track:4c2xt1trwYZpMqPWY35Xi9', 'track_href': 'https://api.spotify.com/v1/tracks/4c2xt1trwYZpMqPWY35Xi9', 'analysis_url': 'https://api.spotify.com/v1/audio-analysis/4c2xt1trwYZpMqPWY35Xi9', 'duration_ms': 262453, 'time_signature': 4}",4c2xt1trwYZpMqPWY35Xi9,0.766,0.271,0,-5.697,1,0.0412,0.037,0.0,0.175,0.0371,116.02,262453,4
92,"{'danceability': 0.686, 'energy': 0.215, 'key': 9, 'loudness': -13.54, 'mode': 0, 'speechiness': 0.0387, 'acousticness': 0.85, 'instrumentalness': 0.000123, 'liveness': 0.106, 'valence': 0.273, 'tempo': 91.998, 'type': 'audio_features', 'id': '11L064movtyopGdLiX4sVg', 'uri': 'spotify:track:11L064movtyopGdLiX4sVg', 'track_href': 'https://api.spotify.com/v1/tracks/11L064movtyopGdLiX4sVg', 'analysis_url': 'https://api.spotify.com/v1/audio-analysis/11L064movtyopGdLiX4sVg', 'duration_ms': 206027, 'time_signature': 4}",11L064movtyopGdLiX4sVg,0.686,0.215,9,-13.54,0,0.0387,0.85,0.000123,0.106,0.273,91.998,206027,4
93,"{'danceability': 0.431, 'energy': 0.894, 'key': 5, 'loudness': -2.673, 'mode': 0, 'speechiness': 0.33, 'acousticness': 0.0951, 'instrumentalness': 0, 'liveness': 0.188, 'valence': 0.604, 'tempo': 162.193, 'type': 'audio_features', 'id': '1GxHeBvQ9935Dd3cSfsfBa', 'uri': 'spotify:track:1GxHeBvQ9935Dd3cSfsfBa', 'track_href': 'https://api.spotify.com/v1/tracks/1GxHeBvQ9935Dd3cSfsfBa', 'analysis_url': 'https://api.spotify.com/v1/audio-analysis/1GxHeBvQ9935Dd3cSfsfBa', 'duration_ms': 258760, 'time_signature': 4}",1GxHeBvQ9935Dd3cSfsfBa,0.431,0.894,5,-2.673,0,0.33,0.0951,0.0,0.188,0.604,162.193,258760,4
94,"{'danceability': 0.462, 'energy': 0.422, 'key': 6, 'loudness': -10.381, 'mode': 1, 'speechiness': 0.175, 'acousticness': 0.939, 'instrumentalness': 0.0327, 'liveness': 0.108, 'valence': 0.0853, 'tempo': 87.364, 'type': 'audio_features', 'id': '1v24T2ug4TlssYZvI3aL4O', 'uri': 'spotify:track:1v24T2ug4TlssYZvI3aL4O', 'track_href': 'https://api.spotify.com/v1/tracks/1v24T2ug4TlssYZvI3aL4O', 'analysis_url': 'https://api.spotify.com/v1/audio-analysis/1v24T2ug4TlssYZvI3aL4O', 'duration_ms': 176179, 'time_signature': 4}",1v24T2ug4TlssYZvI3aL4O,0.462,0.422,6,-10.381,1,0.175,0.939,0.0327,0.108,0.0853,87.364,176179,4
95,"{'danceability': 0.683, 'energy': 0.695, 'key': 1, 'loudness': -6.798, 'mode': 0, 'speechiness': 0.0574, 'acousticness': 0.393, 'instrumentalness': 0.00124, 'liveness': 0.124, 'valence': 0.406, 'tempo': 135.337, 'type': 'audio_features', 'id': '3XLSlQLJf3Ut0zvMUxnF1h', 'uri': 'spotify:track:3XLSlQLJf3Ut0zvMUxnF1h', 'track_href': 'https://api.spotify.com/v1/tracks/3XLSlQLJf3Ut0zvMUxnF1h', 'analysis_url': 'https://api.spotify.com/v1/audio-analysis/3XLSlQLJf3Ut0zvMUxnF1h', 'duration_ms': 290791, 'time_signature': 4}",3XLSlQLJf3Ut0zvMUxnF1h,0.683,0.695,1,-6.798,0,0.0574,0.393,0.00124,0.124,0.406,135.337,290791,4
96,"{'danceability': 0.562, 'energy': 0.544, 'key': 8, 'loudness': -5.065, 'mode': 1, 'speechiness': 0.369, 'acousticness': 0.536, 'instrumentalness': 0, 'liveness': 0.17, 'valence': 0.231, 'tempo': 159.517, 'type': 'audio_features', 'id': '6NwhtCYkfwWlcR62Ac4E7y', 'uri': 'spotify:track:6NwhtCYkfwWlcR62Ac4E7y', 'track_href': 'https://api.spotify.com/v1/tracks/6NwhtCYkfwWlcR62Ac4E7y', 'analysis_url': 'https://api.spotify.com/v1/audio-analysis/6NwhtCYkfwWlcR62Ac4E7y', 'duration_ms': 375050, 'time_signature': 4}",6NwhtCYkfwWlcR62Ac4E7y,0.562,0.544,8,-5.065,1,0.369,0.536,0.0,0.17,0.231,159.517,375050,4
97,"{'danceability': 0.749, 'energy': 0.476, 'key': 11, 'loudness': -11.147, 'mode': 0, 'speechiness': 0.507, 'acousticness': 0.579, 'instrumentalness': 0, 'liveness': 0.1, 'valence': 0.534, 'tempo': 71.937, 'type': 'audio_features', 'id': '0JaVdpmiex2EP7bBzyKVTa', 'uri': 'spotify:track:0JaVdpmiex2EP7bBzyKVTa', 'track_href': 'https://api.spotify.com/v1/tracks/0JaVdpmiex2EP7bBzyKVTa', 'analysis_url': 'https://api.spotify.com/v1/audio-analysis/0JaVdpmiex2EP7bBzyKVTa', 'duration_ms': 188189, 'time_signature': 4}",0JaVdpmiex2EP7bBzyKVTa,0.749,0.476,11,-11.147,0,0.507,0.579,0.0,0.1,0.534,71.937,188189,4
98,"{'danceability': 0.591, 'energy': 0.846, 'key': 7, 'loudness': -3.687, 'mode': 1, 'speechiness': 0.276, 'acousticness': 0.186, 'instrumentalness': 0, 'liveness': 0.463, 'valence': 0.121, 'tempo': 94.795, 'type': 'audio_features', 'id': '2hcohLIysMxofYziluXCoX', 'uri': 'spotify:track:2hcohLIysMxofYziluXCoX', 'track_href': 'https://api.spotify.com/v1/tracks/2hcohLIysMxofYziluXCoX', 'analysis_url': 'https://api.spotify.com/v1/audio-analysis/2hcohLIysMxofYziluXCoX', 'duration_ms': 302492, 'time_signature': 4}",2hcohLIysMxofYziluXCoX,0.591,0.846,7,-3.687,1,0.276,0.186,0.0,0.463,0.121,94.795,302492,4
99,"{'danceability': 0.79, 'energy': 0.731, 'key': 9, 'loudness': -4.607, 'mode': 0, 'speechiness': 0.0327, 'acousticness': 0.00427, 'instrumentalness': 0.29, 'liveness': 0.157, 'valence': 0.938, 'tempo': 127.403, 'type': 'audio_features', 'id': '4FDSPGncHRpr6yB8DD4CtI', 'uri': 'spotify:track:4FDSPGncHRpr6yB8DD4CtI', 'track_href': 'https://api.spotify.com/v1/tracks/4FDSPGncHRpr6yB8DD4CtI', 'analysis_url': 'https://api.spotify.com/v1/audio-analysis/4FDSPGncHRpr6yB8DD4CtI', 'duration_ms': 234176, 'time_signature': 4}",4FDSPGncHRpr6yB8DD4CtI,0.79,0.731,9,-4.607,0,0.0327,0.00427,0.29,0.157,0.938,127.403,234176,4
100,"{'danceability': 0.831, 'energy': 0.502, 'key': 10, 'loudness': -4.045, 'mode': 0, 'speechiness': 0.046, 'acousticness': 0.101, 'instrumentalness': 0, 'liveness': 0.122, 'valence': 0.101, 'tempo': 100.541, 'type': 'audio_features', 'id': '5ry2OE6R2zPQFDO85XkgRb', 'uri': 'spotify:track:5ry2OE6R2zPQFDO85XkgRb', 'track_href': 'https://api.spotify.com/v1/tracks/5ry2OE6R2zPQFDO85XkgRb', 'analysis_url': 'https://api.spotify.com/v1/audio-analysis/5ry2OE6R2zPQFDO85XkgRb', 'duration_ms': 205427, 'time_signature': 4}",5ry2OE6R2zPQFDO85XkgRb,0.831,0.502,10,-4.045,0,0.046,0.101,0.0,0.122,0.101,100.541,205427,4
101,"{'danceability': 0.646, 'energy': 0.899, 'key': 6, 'loudness': -2.232, 'mode': 1, 'speechiness': 0.298, 'acousticness': 0.0337, 'instrumentalness': 0, 'liveness': 0.232, 'valence': 0.685, 'tempo': 164.119, 'type': 'audio_features', 'id': '3kCwyvhvVTyehIzYN2I0nF', 'uri': 'spotify:track:3kCwyvhvVTyehIzYN2I0nF', 'track_href': 'https://api.spotify.com/v1/tracks/3kCwyvhvVTyehIzYN2I0nF', 'analysis_url': 'https://api.spotify.com/v1/audio-analysis/3kCwyvhvVTyehIzYN2I0nF', 'duration_ms': 219507, 'time_signature': 4}",3kCwyvhvVTyehIzYN2I0nF,0.646,0.899,6,-2.232,1,0.298,0.0337,0.0,0.232,0.685,164.119,219507,4
102,"{'danceability': 0.423, 'energy': 0.587, 'key': 6, 'loudness': -6.635, 'mode': 1, 'speechiness': 0.529, 'acousticness': 0.765, 'instrumentalness': 0, 'liveness': 0.114, 'valence': 0.33, 'tempo': 180.331, 'type': 'audio_features', 'id': '1qyFlfPREPbRcS2BNszdYI', 'uri': 'spotify:track:1qyFlfPREPbRcS2BNszdYI', 'track_href': 'https://api.spotify.com/v1/tracks/1qyFlfPREPbRcS2BNszdYI', 'analysis_url': 'https://api.spotify.com/v1/audio-analysis/1qyFlfPREPbRcS2BNszdYI', 'duration_ms': 253803, 'time_signature': 4}",1qyFlfPREPbRcS2BNszdYI,0.423,0.587,6,-6.635,1,0.529,0.765,0.0,0.114,0.33,180.331,253803,4
103,"{'danceability': 0.789, 'energy': 0.404, 'key': 1, 'loudness': -8.364, 'mode': 1, 'speechiness': 0.23, 'acousticness': 0.205, 'instrumentalness': 0, 'liveness': 0.219, 'valence': 0.472, 'tempo': 122.062, 'type': 'audio_features', 'id': '4n4BflhWjCHIxrI4v7Xt9s', 'uri': 'spotify:track:4n4BflhWjCHIxrI4v7Xt9s', 'track_href': 'https://api.spotify.com/v1/tracks/4n4BflhWjCHIxrI4v7Xt9s', 'analysis_url': 'https://api.spotify.com/v1/audio-analysis/4n4BflhWjCHIxrI4v7Xt9s', 'duration_ms': 235566, 'time_signature': 4}",4n4BflhWjCHIxrI4v7Xt9s,0.789,0.404,1,-8.364,1,0.23,0.205,0.0,0.219,0.472,122.062,235566,4
104,"{'danceability': 0.676, 'energy': 0.717, 'key': 11, 'loudness': -8.219, 'mode': 0, 'speechiness': 0.0869, 'acousticness': 0.29, 'instrumentalness': 0.000368, 'liveness': 0.0974, 'valence': 0.558, 'tempo': 157.628, 'type': 'audio_features', 'id': '3t8pnImpBpOwxdtYBpKvA9', 'uri': 'spotify:track:3t8pnImpBpOwxdtYBpKvA9', 'track_href': 'https://api.spotify.com/v1/tracks/3t8pnImpBpOwxdtYBpKvA9', 'analysis_url': 'https://api.spotify.com/v1/audio-analysis/3t8pnImpBpOwxdtYBpKvA9', 'duration_ms': 241000, 'time_signature': 4}",3t8pnImpBpOwxdtYBpKvA9,0.676,0.717,11,-8.219,0,0.0869,0.29,0.000368,0.0974,0.558,157.628,241000,4
105,"{'danceability': 0.421, 'energy': 0.539, 'key': 11, 'loudness': -5.456, 'mode': 0, 'speechiness': 0.274, 'acousticness': 0.779, 'instrumentalness': 0, 'liveness': 0.111, 'valence': 0.523, 'tempo': 89.177, 'type': 'audio_features', 'id': '4Wjhj0WjkyECccfHVIgaTq', 'uri': 'spotify:track:4Wjhj0WjkyECccfHVIgaTq', 'track_href': 'https://api.spotify.com/v1/tracks/4Wjhj0WjkyECccfHVIgaTq', 'analysis_url': 'https://api.spotify.com/v1/audio-analysis/4Wjhj0WjkyECccfHVIgaTq', 'duration_ms': 281519, 'time_signature': 3}",4Wjhj0WjkyECccfHVIgaTq,0.421,0.539,11,-5.456,0,0.274,0.779,0.0,0.111,0.523,89.177,281519,3
106,"{'danceability': 0.733, 'energy': 0.361, 'key': 1, 'loudness': -11.129, 'mode': 1, 'speechiness': 0.135, 'acousticness': 0.348, 'instrumentalness': 0.000285, 'liveness': 0.0942, 'valence': 0.0361, 'tempo': 94.902, 'type': 'audio_features', 'id': '4czcw3NVLY0of5hTD7OufN', 'uri': 'spotify:track:4czcw3NVLY0of5hTD7OufN', 'track_href': 'https://api.spotify.com/v1/tracks/4czcw3NVLY0of5hTD7OufN', 'analysis_url': 'https://api.spotify.com/v1/audio-analysis/4czcw3NVLY0of5hTD7OufN', 'duration_ms': 353698, 'time_signature': 4}",4czcw3NVLY0of5hTD7OufN,0.733,0.361,1,-11.129,1,0.135,0.348,0.000285,0.0942,0.0361,94.902,353698,4
107,"{'danceability': 0.743, 'energy': 0.66, 'key': 4, 'loudness': -4.802, 'mode': 0, 'speechiness': 0.418, 'acousticness': 0.115, 'instrumentalness': 0, 'liveness': 0.101, 'valence': 0.549, 'tempo': 192.031, 'type': 'audio_features', 'id': '6C9SwoZ5OrxcvkntgA5t8s', 'uri': 'spotify:track:6C9SwoZ5OrxcvkntgA5t8s', 'track_href': 'https://api.spotify.com/v1/tracks/6C9SwoZ5OrxcvkntgA5t8s', 'analysis_url': 'https://api.spotify.com/v1/audio-analysis/6C9SwoZ5OrxcvkntgA5t8s', 'duration_ms': 240218, 'time_signature': 4}",6C9SwoZ5OrxcvkntgA5t8s,0.743,0.66,4,-4.802,0,0.418,0.115,0.0,0.101,0.549,192.031,240218,4
108,"{'danceability': 0.338, 'energy': 0.729, 'key': 6, 'loudness': -6.419, 'mode': 0, 'speechiness': 0.102, 'acousticness': 0.758, 'instrumentalness': 3.24e-05, 'liveness': 0.18, 'valence': 0.543, 'tempo': 184.174, 'type': 'audio_features', 'id': '6MR5IBSNfDmiwnrlQpVw4w', 'uri': 'spotify:track:6MR5IBSNfDmiwnrlQpVw4w', 'track_href': 'https://api.spotify.com/v1/tracks/6MR5IBSNfDmiwnrlQpVw4w', 'analysis_url': 'https://api.spotify.com/v1/audio-analysis/6MR5IBSNfDmiwnrlQpVw4w', 'duration_ms': 283816, 'time_signature': 4}",6MR5IBSNfDmiwnrlQpVw4w,0.338,0.729,6,-6.419,0,0.102,0.758,3.24e-05,0.18,0.543,184.174,283816,4
109,"{'danceability': 0.555, 'energy': 0.88, 'key': 11, 'loudness': -4.325, 'mode': 0, 'speechiness': 0.265, 'acousticness': 0.0678, 'instrumentalness': 0, 'liveness': 0.0723, 'valence': 0.391, 'tempo': 87.195, 'type': 'audio_features', 'id': '0FnxK9FEAQyPJ284QcieNb', 'uri': 'spotify:track:0FnxK9FEAQyPJ284QcieNb', 'track_href': 'https://api.spotify.com/v1/tracks/0FnxK9FEAQyPJ284QcieNb', 'analysis_url': 'https://api.spotify.com/v1/audio-analysis/0FnxK9FEAQyPJ284QcieNb', 'duration_ms': 205264, 'time_signature': 4}",0FnxK9FEAQyPJ284QcieNb,0.555,0.88,11,-4.325,0,0.265,0.0678,0.0,0.0723,0.391,87.195,205264,4
110,"{'danceability': 0.673, 'energy': 0.81, 'key': 8, 'loudness': -3.793, 'mode': 1, 'speechiness': 0.36, 'acousticness': 0.0322, 'instrumentalness': 0, 'liveness': 0.133, 'valence': 0.564, 'tempo': 166.084, 'type': 'audio_features', 'id': '3W3FVHEDetkiRkkGKDmdir', 'uri': 'spotify:track:3W3FVHEDetkiRkkGKDmdir', 'track_href': 'https://api.spotify.com/v1/tracks/3W3FVHEDetkiRkkGKDmdir', 'analysis_url': 'https://api.spotify.com/v1/audio-analysis/3W3FVHEDetkiRkkGKDmdir', 'duration_ms': 266325, 'time_signature': 4}",3W3FVHEDetkiRkkGKDmdir,0.673,0.81,8,-3.793,1,0.36,0.0322,0.0,0.133,0.564,166.084,266325,4
111,"{'danceability': 0.498, 'energy': 0.844, 'key': 2, 'loudness': -2.834, 'mode': 1, 'speechiness': 0.268, 'acousticness': 0.0111, 'instrumentalness': 0, 'liveness': 0.102, 'valence': 0.282, 'tempo': 88.435, 'type': 'audio_features', 'id': '2xUHiyGeGrWmmfv7NbDTWC', 'uri': 'spotify:track:2xUHiyGeGrWmmfv7NbDTWC', 'track_href': 'https://api.spotify.com/v1/tracks/2xUHiyGeGrWmmfv7NbDTWC', 'analysis_url': 'https://api.spotify.com/v1/audio-analysis/2xUHiyGeGrWmmfv7NbDTWC', 'duration_ms': 254022, 'time_signature': 4}",2xUHiyGeGrWmmfv7NbDTWC,0.498,0.844,2,-2.834,1,0.268,0.0111,0.0,0.102,0.282,88.435,254022,4
112,"{'danceability': 0.477, 'energy': 0.501, 'key': 11, 'loudness': -9.178, 'mode': 0, 'speechiness': 0.0398, 'acousticness': 0.706, 'instrumentalness': 5.61e-06, 'liveness': 0.0953, 'valence': 0.689, 'tempo': 81.376, 'type': 'audio_features', 'id': '2ducmmobqydJmv8or1OKTo', 'uri': 'spotify:track:2ducmmobqydJmv8or1OKTo', 'track_href': 'https://api.spotify.com/v1/tracks/2ducmmobqydJmv8or1OKTo', 'analysis_url': 'https://api.spotify.com/v1/audio-analysis/2ducmmobqydJmv8or1OKTo', 'duration_ms': 253562, 'time_signature': 4}",2ducmmobqydJmv8or1OKTo,0.477,0.501,11,-9.178,0,0.0398,0.706,5.61e-06,0.0953,0.689,81.376,253562,4
113,"{'danceability': 0.619, 'energy': 0.489, 'key': 11, 'loudness': -11.25, 'mode': 0, 'speechiness': 0.46, 'acousticness': 0.782, 'instrumentalness': 0, 'liveness': 0.106, 'valence': 0.328, 'tempo': 126.046, 'type': 'audio_features', 'id': '56NDFbD0tCUawnqeU2wcvv', 'uri': 'spotify:track:56NDFbD0tCUawnqeU2wcvv', 'track_href': 'https://api.spotify.com/v1/tracks/56NDFbD0tCUawnqeU2wcvv', 'analysis_url': 'https://api.spotify.com/v1/audio-analysis/56NDFbD0tCUawnqeU2wcvv', 'duration_ms': 225012, 'time_signature': 4}",56NDFbD0tCUawnqeU2wcvv,0.619,0.489,11,-11.25,0,0.46,0.782,0.0,0.106,0.328,126.046,225012,4
114,"{'danceability': 0.549, 'energy': 0.495, 'key': 6, 'loudness': -5.661, 'mode': 0, 'speechiness': 0.133, 'acousticness': 0.603, 'instrumentalness': 7.26e-06, 'liveness': 0.0979, 'valence': 0.385, 'tempo': 81.012, 'type': 'audio_features', 'id': '4alHkxxwAhvoGg3dJCATKV', 'uri': 'spotify:track:4alHkxxwAhvoGg3dJCATKV', 'track_href': 'https://api.spotify.com/v1/tracks/4alHkxxwAhvoGg3dJCATKV', 'analysis_url': 'https://api.spotify.com/v1/audio-analysis/4alHkxxwAhvoGg3dJCATKV', 'duration_ms': 294651, 'time_signature': 4}",4alHkxxwAhvoGg3dJCATKV,0.549,0.495,6,-5.661,0,0.133,0.603,7.26e-06,0.0979,0.385,81.012,294651,4
115,"{'danceability': 0.508, 'energy': 0.748, 'key': 1, 'loudness': -4.997, 'mode': 1, 'speechiness': 0.33, 'acousticness': 0.281, 'instrumentalness': 0, 'liveness': 0.168, 'valence': 0.225, 'tempo': 100.414, 'type': 'audio_features', 'id': '18t8ypY0HYaQuGBxg2KdT2', 'uri': 'spotify:track:18t8ypY0HYaQuGBxg2KdT2', 'track_href': 'https://api.spotify.com/v1/tracks/18t8ypY0HYaQuGBxg2KdT2', 'analysis_url': 'https://api.spotify.com/v1/audio-analysis/18t8ypY0HYaQuGBxg2KdT2', 'duration_ms': 252884, 'time_signature': 3}",18t8ypY0HYaQuGBxg2KdT2,0.508,0.748,1,-4.997,1,0.33,0.281,0.0,0.168,0.225,100.414,252884,3
116,"{'danceability': 0.505, 'energy': 0.494, 'key': 10, 'loudness': -8.635, 'mode': 0, 'speechiness': 0.315, 'acousticness': 0.414, 'instrumentalness': 7.98e-05, 'liveness': 0.105, 'valence': 0.141, 'tempo': 171.978, 'type': 'audio_features', 'id': '73IE87H0g2MBmdn41lkVto', 'uri': 'spotify:track:73IE87H0g2MBmdn41lkVto', 'track_href': 'https://api.spotify.com/v1/tracks/73IE87H0g2MBmdn41lkVto', 'analysis_url': 'https://api.spotify.com/v1/audio-analysis/73IE87H0g2MBmdn41lkVto', 'duration_ms': 251240, 'time_signature': 4}",73IE87H0g2MBmdn41lkVto,0.505,0.494,10,-8.635,0,0.315,0.414,7.98e-05,0.105,0.141,171.978,251240,4
117,"{'danceability': 0.643, 'energy': 0.178, 'key': 4, 'loudness': -8.56, 'mode': 0, 'speechiness': 0.0588, 'acousticness': 0.484, 'instrumentalness': 0.0108, 'liveness': 0.122, 'valence': 0.0674, 'tempo': 85.042, 'type': 'audio_features', 'id': '3e0ZGE7Gp034iLknjQk4QW', 'uri': 'spotify:track:3e0ZGE7Gp034iLknjQk4QW', 'track_href': 'https://api.spotify.com/v1/tracks/3e0ZGE7Gp034iLknjQk4QW', 'analysis_url': 'https://api.spotify.com/v1/audio-analysis/3e0ZGE7Gp034iLknjQk4QW', 'duration_ms': 189289, 'time_signature': 4}",3e0ZGE7Gp034iLknjQk4QW,0.643,0.178,4,-8.56,0,0.0588,0.484,0.0108,0.122,0.0674,85.042,189289,4
118,"{'danceability': 0.641, 'energy': 0.454, 'key': 5, 'loudness': -8.344, 'mode': 0, 'speechiness': 0.133, 'acousticness': 0.179, 'instrumentalness': 0.000116, 'liveness': 0.065, 'valence': 0.302, 'tempo': 78.036, 'type': 'audio_features', 'id': '27Tqjd2nMW2mIp6Yk1ovwY', 'uri': 'spotify:track:27Tqjd2nMW2mIp6Yk1ovwY', 'track_href': 'https://api.spotify.com/v1/tracks/27Tqjd2nMW2mIp6Yk1ovwY', 'analysis_url': 'https://api.spotify.com/v1/audio-analysis/27Tqjd2nMW2mIp6Yk1ovwY', 'duration_ms': 343455, 'time_signature': 4}",27Tqjd2nMW2mIp6Yk1ovwY,0.641,0.454,5,-8.344,0,0.133,0.179,0.000116,0.065,0.302,78.036,343455,4
119,"{'danceability': 0.477, 'energy': 0.501, 'key': 11, 'loudness': -9.178, 'mode': 0, 'speechiness': 0.0398, 'acousticness': 0.706, 'instrumentalness': 5.61e-06, 'liveness': 0.0953, 'valence': 0.689, 'tempo': 81.376, 'type': 'audio_features', 'id': '3sMC6vfTTSa0mMAPTwzDVD', 'uri': 'spotify:track:3sMC6vfTTSa0mMAPTwzDVD', 'track_href': 'https://api.spotify.com/v1/tracks/3sMC6vfTTSa0mMAPTwzDVD', 'analysis_url': 'https://api.spotify.com/v1/audio-analysis/3sMC6vfTTSa0mMAPTwzDVD', 'duration_ms': 253562, 'time_signature': 4}",3sMC6vfTTSa0mMAPTwzDVD,0.477,0.501,11,-9.178,0,0.0398,0.706,5.61e-06,0.0953,0.689,81.376,253562,4
120,"{'danceability': 0.854, 'energy': 0.554, 'key': 8, 'loudness': -4.684, 'mode': 1, 'speechiness': 0.172, 'acousticness': 0.769, 'instrumentalness': 1.84e-06, 'liveness': 0.0749, 'valence': 0.272, 'tempo': 142.069, 'type': 'audio_features', 'id': '4B7fTyj1FIPvP9tT5X3DnR', 'uri': 'spotify:track:4B7fTyj1FIPvP9tT5X3DnR', 'track_href': 'https://api.spotify.com/v1/tracks/4B7fTyj1FIPvP9tT5X3DnR', 'analysis_url': 'https://api.spotify.com/v1/audio-analysis/4B7fTyj1FIPvP9tT5X3DnR', 'duration_ms': 163121, 'time_signature': 4}",4B7fTyj1FIPvP9tT5X3DnR,0.854,0.554,8,-4.684,1,0.172,0.769,1.84e-06,0.0749,0.272,142.069,163121,4
